Entry ID,User_Type,Submitter
INC000000462509,,Remedy Application Service
INC000000462409,Others,activationuser
INC000000462318,Others,AR_ESCALATOR
INC000000462317,Others,AR_ESCALATOR
INC000000462316,Others,AR_ESCALATOR
INC000000462315,Others,AR_ESCALATOR
INC000000462314,Others,AR_ESCALATOR
INC000000462313,Others,AR_ESCALATOR
INC000000462312,Others,AR_ESCALATOR
INC000000462311,Others,AR_ESCALATOR
INC000000462310,Others,AR_ESCALATOR
INC000000462309,Others,AR_ESCALATOR
INC000000462209,Others,AR_ESCALATOR
INC000000462117,Others,Remedy Application Service
INC000000462116,Others,Remedy Application Service
INC000000462115,Others,n/a
INC000000462114,Others,JAVIERS
INC000000462113,VIP,JAVIERS
INC000000462112,Others,JAVIERS
INC000000462111,Others,REMADMIN
INC000000462109,Others,Remedy Application Service
INC000000462015,Others,n/a
INC000000462014,Others,Remedy Application Service
INC000000462013,Others,REMADMIN
INC000000462012,Others,JAVIERS
INC000000462110,VVVIP,MAGRACIA
INC000000462010,Others,REMADMIN
INC000000461813,Others,REMADMIN
INC000000461913,Others,REMADMIN
INC000000461910,Others,REMADMIN
INC000000461909,Others,1/F SWTSO
INC000000461914,Others,REMADMIN
INC000000461911,Others,REMADMIN
INC000000461812,Others,REMADMIN
INC000000461811,Others,REMADMIN
INC000000461810,Others,REMADMIN
INC000000461610,Others,1/F SWTSO
INC000000461709,Others,activationuser
INC000000461711,Others,1/F SWTSO
INC000000461710,Others,activationuser
INC000000461609,Others,activationuser
INC000000461509,Others,REMADMIN
INC000000461409,Others,1/F SWTSO
INC000000461341,Others,GARICAK
INC000000461340,Others,activationuser
INC000000461336,Others,n/a
INC000000461335,Others,n/a
INC000000461332,Others,REMADMIN
INC000000461231,Others,REMADMIN
INC000000461329,Others,GARICAK
INC000000461227,Others,GARICAK
INC000000461328,Others,1/F SWTSO
INC000000461326,Others,HOHYC
INC000000461325,Others,HOHYC
INC000000461324,Others,HOHYC
INC000000461323,Others,HOHYC
INC000000461322,Others,HOHYC
INC000000461321,Others,HOHYC
INC000000461320,Others,HOHYC
INC000000461318,Others,1/F SWTSO
INC000000461319,Others,REMADMIN
INC000000461316,Others,MAGRACIA
INC000000461315,VVVIP,JAVIERS
INC000000461214,VVVIP,JAVIERS
INC000000461314,Others,1/F SWTSO
INC000000461312,Others,HOHYC
INC000000461311,Others,HOHYC
INC000000461310,Others,HOHYC
INC000000461309,Others,JAVIERS
INC000000461242,Others,GARICAK
INC000000461239,Others,1/F SWTSO
INC000000461238,Others,1/F SWTSO
INC000000461338,Others,REMADMIN
INC000000461237,Others,n/a
INC000000461236,Others,n/a
INC000000461235,Others,n/a
INC000000461234,Others,REMADMIN
INC000000461229,Others,REMADMIN
INC000000461228,Others,REMADMIN
INC000000461226,Others,1/F SWTSO
INC000000461225,Others,1/F SWTSO
INC000000461224,Others,1/F SWTSO
INC000000461223,Others,HOHYC
INC000000461222,Others,HOHYC
INC000000461221,Others,HOHYC
INC000000461220,Others,HOHYC
INC000000461219,Others,HOHYC
INC000000461218,Others,HOHYC
INC000000461217,Others,HOHYC
INC000000461216,Others,HOHYC
INC000000461215,Others,HOHYC
INC000000461213,Others,HOHYC
INC000000461212,Others,HOHYC
INC000000461210,Others,JAVIERS
INC000000461209,Others,JAVIERS
INC000000461109,Others,GARICAK
INC000000461009,,NHDTACC
INC000000460924,Others,JAVIERS
INC000000460920,Others,REMADMIN
INC000000460912,Others,MAGRACIA
INC000000460911,Others,REMADMIN
INC000000460915,Others,REMADMIN
INC000000460812,Others,JAVIERS
INC000000460811,Others,REMADMIN
INC000000460809,Others,HOHYC
INC000000460612,Others,SECDEMO
INC000000460611,Others,SECDEMO
INC000000460610,Others,SECDEMO
INC000000460609,Others,SECDEMO
INC000000460518,Others,SECDEMO
INC000000460517,Others,SECDEMO1
INC000000460516,Others,SECDEMO
INC000000460515,Others,SECDEMO
INC000000460514,Others,SECDEMO
INC000000460513,Others,SECDEMO
INC000000460512,Others,SECDEMO
INC000000460511,Others,SECDEMO
INC000000460510,Others,SECDEMO
INC000000460509,Others,SECDEMO1
INC000000460714,Others,HOHYC
INC000000460415,Others,HOHYC
INC000000460713,Others,HOHYC
INC000000460712,Others,HOHYC
INC000000460711,Others,HOHYC
INC000000460710,Others,HOHYC
INC000000460413,Others,activationuser
INC000000460410,VVVIP,REMADMIN
INC000000460417,Others,HOHYC
INC000000460416,Others,HOHYC
INC000000460709,,HOHYC
INC000000460414,Others,activationuser
INC000000460412,Others,REMADMIN
INC000000460310,,GARICAK
INC000000460309,VIP,JAVIERS
INC000000460209,Others,JAVIERS
INC000000460112,Others,AR_ESCALATOR
INC000000460111,Others,AR_ESCALATOR
INC000000460110,Others,AR_ESCALATOR
INC000000460109,Others,AR_ESCALATOR
INC000000460045,Others,REMADMIN
INC000000460044,Others,JAVIERS
INC000000460042,Others,REMADMIN
INC000000459950,,JAVIERS
INC000000460041,Others,JAVIERS
INC000000460048,Others,hannah_admin
INC000000460047,Others,ANDYCH
INC000000459958,Others,ANDYCH
INC000000460046,Others,ANDYCH
INC000000459957,Others,REMADMIN
INC000000459956,VIP,hannah_admin
INC000000459951,Others,JAVIERS
INC000000460040,Others,REMADMIN
INC000000459946,Others,GARICAK
INC000000460035,Others,REMADMIN
INC000000459944,Others,appadmin
INC000000459943,Others,JAVIERS
INC000000459942,Others,MAGRACIA
INC000000459941,Others,JAVIERS
INC000000459940,Others,ANDYCH
INC000000460033,Others,TERRYHCT
INC000000459937,Others,ANDYCH
INC000000460028,Others,ANDYCH
INC000000459948,Others,JAVIERS
INC000000460032,Others,hannah_admin
INC000000460027,Others,ANDYCH
INC000000460022,Others,MAGRACIA
INC000000460018,Others,TERRYHCT
INC000000460012,Others,hannah_admin
INC000000459918,Others,JAVIERS
INC000000460010,Others,MAGRACIA
INC000000459915,Others,GARICAK
INC000000459914,Others,JAVIERS
INC000000459913,Others,JAVIERS
INC000000459935,Others,TERRYHCT
INC000000460020,Others,TERRYHCT
INC000000459927,Others,REMADMIN
INC000000459925,Others,TERRYHCT
INC000000459926,Others,REMADMIN
INC000000459922,Others,hannah_admin
INC000000459921,Others,MAGRACIA
INC000000459920,Others,MAGRACIA
INC000000459919,Others,MAGRACIA
INC000000459917,Others,MAGRACIA
INC000000459916,Others,MAGRACIA
INC000000460009,Others,JAVIERS
INC000000459912,Others,MAGRACIA
INC000000459910,Others,MAGRACIA
INC000000459909,Others,REMADMIN
INC000000459746,Others,NOAHLAU
INC000000459744,Others,NOAHLAU
INC000000459743,Others,NOAHLAU
INC000000459696,Others,NOAHLAU
INC000000459742,Others,LEEMWM
INC000000459741,Others,LEEMWM
INC000000459695,Others,NOAHLAU
INC000000459740,Others,LEEMWM
INC000000459739,Others,LEEMWM
INC000000459694,VIP,NOAHLAU
INC000000459738,Others,NOAHLAU
INC000000459687,Others,NOAHLAU
INC000000459682,Others,LEEMWM
INC000000459736,Others,LEEMWM
INC000000459733,Others,LEEMWM
INC000000459681,Others,SAMMYCHS
INC000000459679,Others,NOAHLAU
INC000000459680,Others,ALEXCCK
INC000000459726,Others,NOAHLAU
INC000000459723,VVIP,LEEMWM
INC000000459722,Others,LEEMWM
INC000000459663,Others,KENTCHEE
INC000000459718,Others,LRXCHONG
INC000000459655,VIP,STEPHENIE
INC000000459716,Others,STEPHENIE
INC000000459714,Others,KENTCHEE
INC000000459651,Others,STEPHENIE
INC000000459713,VVIP,LEEMWM
INC000000459648,Others,KENTCHEE
INC000000459711,Others,ALEXCCK
INC000000459709,Others,KENTCHEE
INC000000459705,Others,KINMNG
INC000000459704,Others,LRXCHONG
INC000000459699,Others,LRXCHONG
INC000000459700,Others,LEEMWM
INC000000459745,Others,NOAHLAU
INC000000459693,Others,LEEMWM
INC000000459692,Others,LEEMWM
INC000000459691,VIP,LEEMWM
INC000000459690,Others,LEEMWM
INC000000459689,VIP,NOAHLAU
INC000000459688,Others,LEEMWM
INC000000459737,VIP,LEEMWM
INC000000459686,Others,NOAHLAU
INC000000459685,Others,LEEMWM
INC000000459684,Others,LEEMWM
INC000000459683,Others,LEEMWM
INC000000459735,Others,NOAHLAU
INC000000459731,Others,KENTCHEE
INC000000459730,Others,NOAHLAU
INC000000459729,VIP,LEEMWM
INC000000459725,VVIP,NOAHLAU
INC000000459724,Others,NOAHLAU
INC000000459674,Others,Remedy Application Service
INC000000459677,Others,NOAHLAU
INC000000459671,VIP,STEPHENIE
INC000000459670,Others,NOAHLAU
INC000000459665,Others,STEPHENIE
INC000000459662,VIP,STEPHENIE
INC000000459660,Others,LRXCHONG
INC000000459658,Others,STEPHENIE
INC000000459659,VIP,ALEXCCK
INC000000459654,Others,JWSLAI
INC000000459653,Others,LEEMWM
INC000000459650,Others,STEPHENIE
INC000000459712,Others,STEPHENIE
INC000000459710,Others,STEPHENIE
INC000000459647,Others,Remedy Application Service
INC000000459645,,KENTCHEE
INC000000459646,Others,STEPHENIE
INC000000459644,Others,STEPHENIE
INC000000459637,Others,Remedy Application Service
INC000000459638,Others,NOAHLAU
INC000000459636,Others,Remedy Application Service
INC000000459641,Others,LEEMWM
INC000000459631,Others,NOAHLAU
INC000000459601,Others,LEEMWM
INC000000459600,VIP,KENTCHEE
INC000000459623,Others,Remedy Application Service
INC000000459594,Others,RICHARDM
INC000000459602,Others,NOAHLAU
INC000000459595,Others,KENTCHEE
INC000000459608,Others,KENTCHEE
INC000000459639,Others,STEPHENIE
INC000000459640,Others,KENTCHEE
INC000000459605,Others,YYWANG
INC000000459606,Others,STEPHENIE
INC000000459604,Others,JWSLAI
INC000000459635,Others,MCFYIU
INC000000459633,Others,MCFYIU
INC000000459603,Others,LEEMWM
INC000000459632,Others,JWSLAI
INC000000459661,Others,STEPHENIE
INC000000459596,VIP,LEEMWM
INC000000459591,Others,OPERATOR
INC000000459618,Others,RPYLAI
INC000000459589,Others,RPYLAI
INC000000459586,Others,CKLKEN
INC000000459616,Others,ALEXCCK
INC000000459583,Others,CKLKEN
INC000000459610,Others,STEPHENIE
INC000000459609,Others,STEPHENIE
INC000000459575,Others,JWSLAI
INC000000459504,Others,ALEXCCK
INC000000459502,Others,KENTCHEE
INC000000459568,Others,NOAHLAU
INC000000459566,Others,LEEMWM
INC000000459565,Others,STEPHENIE
INC000000459563,Others,ALEXCCK
INC000000459562,Others,AKWSO
INC000000459560,Others,STEPHENIE
INC000000459499,Others,CKLKEN
INC000000459556,Others,OPERATOR
INC000000459553,Others,ALEXCCK
INC000000459619,Others,Remedy Application Service
INC000000459590,Others,OPERATOR
INC000000459588,VVIP,RPYLAI
INC000000459585,,CKLKEN
INC000000459614,Others,Remedy Application Service
INC000000459611,Others,NOAHLAU
INC000000459503,Others,CKLKEN
INC000000459572,VIP,JWSLAI
INC000000459501,VIP,NOAHLAU
INC000000459495,Others,STEPHENIE
INC000000459497,Others,Z104318
INC000000459492,Others,OPERATOR
INC000000459548,Others,JWSLAI
INC000000459478,Others,WONGSUN
INC000000459475,Others,STEPHENIE
INC000000459477,Others,NOAHLAU
INC000000459472,Others,LRXCHONG
INC000000459471,Others,KENTCHEE
INC000000459541,Others,NOAHLAU
INC000000459525,Others,WINFZHU
INC000000459520,Others,SAMMYCHS
INC000000459460,Others,LEEMWM
INC000000459551,Others,ALEXCCK
INC000000459480,Others,JWSLAI
INC000000459534,Others,DALEHO
INC000000459533,Others,STEPHENIE
INC000000459530,Others,ALEXCCK
INC000000459528,Others,STEPHENIE
INC000000459463,Others,LEEMWM
INC000000459521,Others,STEPHENIE
INC000000459402,Others,CKLKEN
INC000000459401,Others,CKLKEN
INC000000459436,Others,NOAHLAU
INC000000459431,Others,NOAHLAU
INC000000459426,Others,LEEMWM
INC000000459386,Others,KENTCHEE
INC000000459382,Others,STEPHENIE
INC000000459383,VVIP,NOAHLAU
INC000000459425,Others,STEPHENIE
INC000000459419,Others,KENTCHEE
INC000000459372,Others,LEEMWM
INC000000459415,Others,OPERATOR
INC000000459370,Others,LEEMWM
INC000000459369,Others,PKMCHEUNG
INC000000459407,Others,OPERATOR
INC000000459447,Others,Remedy Application Service
INC000000459442,Others,WONGSUN
INC000000459400,,CKLKEN
INC000000459399,Others,LRXCHONG
INC000000459441,Others,CKLKEN
INC000000459440,Others,STEPHENIE
INC000000459437,Others,CKLKEN
INC000000459434,VIP,Remedy Application Service
INC000000459380,VIP,NOAHLAU
INC000000459423,Others,STEPHENIE
INC000000459410,VIP,ALEXCCK
INC000000459302,Others,STEPHENIE
INC000000459300,Others,JWSLAI
INC000000459353,Others,JWSLAI
INC000000459340,Others,JWSLAI
INC000000459296,Others,LEEMWM
INC000000459327,Others,STEPHENIE
INC000000459375,Others,WACKOC
INC000000459364,VIP,RICHARDM
INC000000459305,Others,NOAHLAU
INC000000459346,VIP,LRXCHONG
INC000000459295,Others,STEPHENIE
INC000000459330,Others,WACKOC
INC000000459290,Others,ALEXCCK
INC000000459324,Others,LRXCHONG
INC000000459287,Others,LEEMWM
INC000000459321,Others,OPERATOR
INC000000459285,Others,STEPHENIE
INC000000459317,Others,KENTCHEE
INC000000459311,VIP,Remedy Application Service
INC000000459312,Others,ALEXCCK
INC000000459199,Others,RPYLAI
INC000000459198,Others,RPYLAI
INC000000459196,Others,RPYLAI
INC000000459326,VVIP,NOAHLAU
INC000000459322,Others,WACKOC
INC000000459284,VIP,LEEMWM
INC000000459282,VVIP,LRXCHONG
INC000000459276,Others,STEPHENIE
INC000000459267,Others,RPYLAI
INC000000459265,Others,RPYLAI
INC000000459264,Others,RPYLAI
INC000000459261,Others,RPYLAI
INC000000459257,Others,Remedy Application Service
INC000000459180,Others,JWSLAI
INC000000459233,VIP,WACKOC
INC000000459232,VIP,WACKOC
INC000000459227,Others,Remedy Application Service
INC000000459166,Others,NOAHLAU
INC000000459222,Others,LRXCHONG
INC000000459190,Others,STEPHENIE
INC000000459239,Others,JWSLAI
INC000000459238,Others,STEPHENIE
INC000000459171,Others,KENTCHEE
INC000000459221,Others,WACKOC
INC000000459150,VIP,STEPHENIE
INC000000459138,Others,NOAHLAU
INC000000459133,Others,TSEERIYL
INC000000459147,Others,LRXCHONG
INC000000459144,Others,NOAHLAU
INC000000459097,Others,STEPHENIE
INC000000459004,Others,WACKOC
INC000000459001,Others,KENTCHEE
INC000000459078,Others,NOAHLAU
INC000000459077,Others,Z104318
INC000000459067,Others,Remedy Application Service
INC000000459055,Others,VINLEUNG
INC000000459003,VVIP,STEPHENIE
INC000000458995,Others,VINLEUNG
INC000000459068,Others,VINLEUNG
INC000000458948,Others,RPYLAI
INC000000458908,Others,VINLEUNG
INC000000458907,Others,VINLEUNG
INC000000458904,Others,CKLKEN
INC000000458903,Others,RPYLAI
INC000000458892,Others,VINLEUNG
INC000000458882,Others,WACKOC
INC000000458880,Others,WACKOC
INC000000458869,Others,ALEXCCK
INC000000458868,Others,ALEXCCK
INC000000458859,Others,LRXCHONG
INC000000458856,Others,JWSLAI
INC000000458777,VIP,STEPHENIE
INC000000458906,VIP,CKLKEN
INC000000458929,Others,CKLKEN
INC000000458797,Others,WACKOC
INC000000458865,Others,JWSLAI
INC000000458771,Others,LRXCHONG
INC000000458766,Others,STEPHENIE
INC000000458773,VIP,ALEXCCK
INC000000458839,Others,ALEXCCK
INC000000458836,Others,LRXCHONG
INC000000458830,Others,Remedy Application Service
INC000000458826,Others,WINFZHU
INC000000458749,Others,ALEXCCK
INC000000458816,Others,CKLKEN
INC000000458814,VIP,STEPHENIE
INC000000458811,Others,VINLEUNG
INC000000458810,Others,OPERATOR
INC000000458595,Others,STEPHENIE
INC000000458592,Others,STEPHENIE
INC000000458584,Others,DALEHO
INC000000458692,Others,LEEMWM
INC000000458570,Others,Remedy Application Service
INC000000458673,Others,KENTCHEE
INC000000458740,Others,VINLEUNG
INC000000458709,Others,KENTCHEE
INC000000458706,Others,ALEXCCK
INC000000458697,Others,ALEXCCK
INC000000458695,VIP,WACKOC
INC000000458661,Others,JWSLAI
INC000000458650,Others,KENTCHEE
INC000000458648,Others,ALEXCCK
INC000000458644,Others,LRXCHONG
INC000000458637,Others,KENTCHEE
INC000000458535,,KINMNG
INC000000458495,Others,VINLEUNG
INC000000458664,Others,ALEXCCK
INC000000458561,Others,ALEXCCK
INC000000458552,Others,ALEXCCK
INC000000458530,Others,JWSLAI
INC000000458497,Others,VINLEUNG
INC000000458391,Others,VINLEUNG
INC000000458386,Others,WACKOC
INC000000458483,Others,WACKOC
INC000000458462,Others,ALEXCCK
INC000000458333,Others,LRXCHONG
INC000000458318,Others,NOAHLAU
INC000000458320,VIP,KENTCHEE
INC000000458312,Others,LEEMWM
INC000000458417,Others,LEEMWM
INC000000458467,Others,NOAHLAU
INC000000458463,Others,LEEMWM
INC000000458360,Others,Remedy Application Service
INC000000458454,Others,YYWANG
INC000000458439,Others,ALEXCCK
INC000000458338,Others,KENTCHEE
INC000000458419,VIP,LEEMWM
INC000000458113,Others,RPYLAI
INC000000457841,VIP,LRXCHONG
INC000000457775,Others,JWSLAI
INC000000457832,Others,LEEMWM
INC000000457766,VIP,NOAHLAU
INC000000457764,Others,LRXCHONG
INC000000457829,Others,LEEMWM
INC000000457743,Others,LEEMWM
INC000000457819,Others,JWSLAI
INC000000457817,Others,JWSLAI
INC000000457814,Others,JWSLAI
INC000000457812,Others,Remedy Application Service
INC000000457810,Others,LEEMWM
INC000000457719,Others,MCFYIU
INC000000457738,Others,LRXCHONG
INC000000457714,Others,STEPHENIE
INC000000457601,Others,Remedy Application Service
INC000000457685,Others,CKLKEN
INC000000457653,Others,LEEMWM
INC000000457598,Others,CKLKEN
INC000000457593,Others,WONGSUN
INC000000457585,VIP,ALEXCCK
INC000000457657,Others,LEEMWM
INC000000457638,Others,ALEXCCK
INC000000457628,Others,ALEXCCK
INC000000457609,Others,WACKOC
INC000000457512,Others,WACKOC
INC000000457477,Others,WACKOC
INC000000457371,Others,WACKOC
INC000000457485,Others,VINLEUNG
INC000000457482,Others,VINLEUNG
INC000000457375,Others,WACKOC
INC000000457474,Others,WACKOC
INC000000457452,Others,LEEMWM
INC000000457450,Others,NOAHLAU
INC000000457361,Others,RPYLAI
INC000000457360,Others,RPYLAI
INC000000457331,VIP,KENTCHEE
INC000000457321,Others,Remedy Application Service
INC000000457422,Others,MCFYIU
INC000000457413,Others,NOAHLAU
INC000000457195,Others,STEPHENIE
INC000000457194,Others,NOAHLAU
INC000000457411,Others,Remedy Application Service
INC000000457208,Others,NOAHLAU
INC000000457264,Others,ALEXCCK
INC000000457160,Others,Remedy Application Service
INC000000457222,Others,ALEXCCK
INC000000457069,Others,OPERATOR
INC000000457042,Others,VINLEUNG
INC000000457041,Others,VINLEUNG
INC000000457022,Others,STEPHENIE
INC000000456922,Others,STEPHENIE
INC000000456920,Others,STEPHENIE
INC000000456919,Others,DALEHO
INC000000456909,VIP,Remedy Application Service
INC000000456938,Others,MCHCHUNG
INC000000457017,Others,MCHCHUNG
INC000000456926,Others,KENTCHEE
INC000000456807,Others,LEEMWM
INC000000456785,Others,STEPHENIE
INC000000456853,Others,CKLKEN
INC000000456744,Others,RPYLAI
INC000000456734,Others,RPYLAI
INC000000456731,Others,JWSLAI
INC000000456810,Others,KENTCHEE
INC000000456830,Others,LRXCHONG
INC000000456687,Others,LEEMWM
INC000000456584,VIP,MCFYIU
INC000000456578,Others,N072716
INC000000456685,Others,NOAHLAU
INC000000456676,Others,N072716
INC000000456674,Others,NOAHLAU
INC000000456525,Others,WONGSUN
INC000000456622,VIP,Remedy Application Service
INC000000456616,Others,NOAHLAU
INC000000456385,Others,KENTCHEE
INC000000456384,VIP,ALEXCCK
INC000000456378,Others,WINFZHU
INC000000456372,VIP,Remedy Application Service
INC000000456473,Others,ALEXCCK
INC000000456352,Others,WINFZHU
INC000000456350,VIP,LRXCHONG
INC000000456343,Others,WINFZHU
INC000000456202,,RPYLAI
INC000000456197,Others,Remedy Application Service
INC000000456190,Others,VINLEUNG
INC000000456004,Others,OPERATOR
INC000000456137,VIP,ALEXCCK
INC000000456069,Others,Remedy Application Service
INC000000456064,Others,Remedy Application Service
INC000000456048,Others,NOAHLAU
INC000000455981,VVIP,LEEMWM
INC000000456037,Others,LRXCHONG
INC000000455940,Others,ALEXCCK
INC000000455973,Others,WACKOC
INC000000456009,Others,EDDIEHO
INC000000455757,Others,RPYLAI
INC000000455753,Others,ANDYCH
INC000000455731,Others,NOAHLAU
INC000000455551,Others,WONGSUN
INC000000455646,Others,LRXCHONG
INC000000455643,Others,RPYLAI
INC000000455433,Others,WACKOC
INC000000455353,Others,WACKOC
INC000000455391,Others,STEPHENIE
INC000000455200,Others,WONGSUN
INC000000455264,Others,WONGSUN
INC000000455190,Others,JWSLAI
INC000000455163,Others,LEEMWM
INC000000455248,VIP,WONGSUN
INC000000455183,Others,STEPHENIE
INC000000455244,VVIP,KENTCHEE
INC000000455095,Others,MCFYIU
INC000000455151,Others,MCFYIU
INC000000455131,Others,VINLEUNG
INC000000455068,Others,VINLEUNG
INC000000455118,Others,RPYLAI
INC000000455062,Others,RPYLAI
INC000000455121,Others,Remedy Application Service
INC000000455116,Others,RPYLAI
INC000000455039,Others,NOAHLAU
INC000000454787,Others,NOAHLAU
INC000000454781,Others,STEPHENIE
INC000000454706,Others,DALEHO
INC000000454778,Others,STEPHENIE
INC000000454775,Others,STEPHENIE
INC000000454738,Others,VINLEUNG
INC000000454634,Others,VINLEUNG
INC000000454722,Others,MCFYIU
INC000000454615,Others,Remedy Application Service
INC000000454618,Others,JWSLAI
INC000000454456,Others,LRXCHONG
INC000000454535,Others,LRXCHONG
INC000000454389,Others,MCFYIU
INC000000454358,Others,DALEHO
INC000000454276,Others,MCFYIU
INC000000454326,Others,VINLEUNG
INC000000454087,Others,RPYLAI
INC000000454072,Others,STEPHENIE
INC000000454006,Others,JWSLAI
INC000000454000,Others,LRXCHONG
INC000000453965,Others,RPYLAI
INC000000453929,VIP,STEPHENIE
INC000000453940,Others,STEPHENIE
INC000000453871,Others,STEPHENIE
INC000000453918,Others,JWSLAI
INC000000453846,Others,KENTCHEE
INC000000453836,Others,Remedy Application Service
INC000000453630,Others,STEPHENIE
INC000000453344,VVIP,MCFYIU
INC000000453329,Others,MCFYIU
INC000000453275,Others,MCFYIU
INC000000453108,VIP,STEPHENIE
INC000000453046,,CKLKEN
INC000000452993,Others,LRXCHONG
INC000000452987,Others,Remedy Application Service
INC000000452977,Others,NOAHLAU
INC000000452911,Others,Remedy Application Service
INC000000452793,Others,LEEMWM
INC000000452813,Others,Remedy Application Service
INC000000452705,Others,Z104318
INC000000452731,Others,WONGSUN
INC000000452686,Others,WACKOC
INC000000452585,,CKLKEN
INC000000452584,Others,CKLKEN
INC000000452634,Others,LRXCHONG
INC000000452518,Others,JWSLAI
INC000000452516,Others,JWSLAI
INC000000452478,Others,KENTCHEE
INC000000452331,Others,LRXCHONG
INC000000452277,VVIP,VINLEUNG
INC000000452155,VVIP,RPYLAI
INC000000452234,Others,RPYLAI
INC000000452217,Others,STEPHENIE
INC000000452143,VVIP,VINLEUNG
INC000000452139,VVIP,STEPHENIE
INC000000451986,Others,Remedy Application Service
INC000000451905,Others,KENTCHEE
INC000000451744,Others,JWSLAI
INC000000451696,Others,LEEMWM
INC000000451647,Others,RPYLAI
INC000000451582,Others,Remedy Application Service
INC000000451587,Others,STEPHENIE
INC000000451374,Others,WONGSUN
INC000000451323,VIP,JASONLCC
INC000000451230,Others,KENTCHEE
INC000000450899,Others,KENTCHEE
INC000000451008,Others,Remedy Application Service
INC000000450975,Others,STEPHENIE
INC000000450816,VVIP,KENTCHEE
INC000000450364,Others,KENTCHEE
INC000000450098,Others,JWSLAI
INC000000449672,Others,Remedy Application Service
INC000000449595,Others,LEEMWM
INC000000449448,Others,RPYLAI
INC000000449269,Others,WACKOC
INC000000449179,Others,Remedy Application Service
INC000000448364,Others,Remedy Application Service
INC000000448317,Others,RICHARDM
INC000000447955,Others,KENTCHEE
INC000000447810,Others,Remedy Application Service
INC000000447653,Others,JASONLCC
INC000000447453,Others,Remedy Application Service
INC000000446831,Others,KENTCHEE
INC000000446351,VIP,STEPHENIE
INC000000445935,Others,JWSLAI
INC000000445706,Others,CKLKEN
INC000000445059,VVIP,JASONLCC
INC000000444622,Others,VINLEUNG
INC000000444458,Others,KENTCHEE
INC000000444386,Others,Remedy Application Service
INC000000444079,Others,CKLKEN
INC000000444216,Others,STEPHENIE
INC000000444091,Others,RPYLAI
INC000000443475,Others,CKLKEN
INC000000443373,Others,VINLEUNG
INC000000441291,Others,WACKOC
INC000000439996,VIP,LEEMWM
INC000000438294,Others,LEEMWM
INC000000437948,Others,RPYLAI
INC000000437372,Others,OPERATOR
INC000000436622,Others,CATGOO
INC000000435010,VIP,MCFYIU
INC000000431501,Others,JASONLCC
INC000000425905,,TONYSCH
INC000000423323,Others,RPYLAI
INC000000415711,Others,JASONLCC
INC000000415101,Others,RPYLAI
INC000000415055,Others,JASONLCC
INC000000414905,Others,LEEMWM
INC000000414535,Others,RPYLAI
INC000000413993,Others,RPYLAI
INC000000413502,Others,JASONLCC
INC000000411923,Others,FHNTANG
INC000000405951,Others,RPYLAI
INC000000405821,Others,VWHSZETO
INC000000405024,Others,VWHSZETO
INC000000351884,Others,OPERATOR1
INC000000351724,Others,JWSLAI
INC000000351660,Others,JWSLAI
INC000000351183,Others,RPYLAI
INC000000351003,Others,OPERATOR
INC000000350959,Others,KCPCHAN
INC000000350796,Others,LEEMWM
INC000000350244,VIP,RPYLAI
INC000000350147,Others,OPERATOR
INC000000350121,Others,JWSLAI
INC000000350082,Others,FCYNG
INC000000349914,Others,JWSLAI
INC000000349826,Others,KCPCHAN
INC000000349671,Others,MCFYIU
INC000000349575,Others,JWSLAI
INC000000349568,Others,JWSLAI
INC000000349389,Others,FCYNG
INC000000349383,Others,JWSLAI
INC000000349380,Others,JWSLAI
INC000000349363,Others,JWSLAI
INC000000349210,VIP,JWSLAI
INC000000349065,Others,LEEMWM
INC000000349035,Others,RFHPOON
INC000000349014,Others,MCFYIU
INC000000348922,Others,RFHPOON
INC000000348911,Others,RPYLAI
INC000000348766,Others,OPERATOR
INC000000348574,Others,JWSLAI
INC000000348361,Others,LEEMWM
INC000000348344,Others,OPERATOR
INC000000348322,Others,TOMTAM
INC000000348197,Others,CONRAPJ
INC000000348165,Others,RICHARDM
INC000000348041,Others,VITUSL
INC000000347947,Others,JWSLAI
INC000000347887,Others,CATGOO
INC000000347865,Others,JWSLAI
INC000000347835,Others,VITUSL
INC000000347721,Others,OPERATOR
INC000000347644,Others,VWHSZETO
INC000000347642,Others,VWHSZETO
INC000000347479,VIP,LEEMWM
INC000000347275,Others,JWSLAI
INC000000347263,Others,JWSLAI
INC000000347243,Others,CATGOO
INC000000347182,VIP,RPYLAI
INC000000347114,Others,JWSLAI
INC000000347029,Others,JWSLAI
INC000000346873,Others,KCPCHAN
INC000000346829,Others,OPERATOR
INC000000346785,Others,RPYLAI
INC000000346743,Others,JWSLAI
INC000000346727,Others,JWSLAI
INC000000346613,Others,TOMTAM
INC000000346606,Others,TOMTAM
INC000000346486,VIP,LEEMWM
INC000000346198,Others,SAMCTS
INC000000346157,Others,JWSLAI
INC000000346095,Others,JWSLAI
INC000000346037,Others,RPYLAI
INC000000346021,Others,JWSLAI
INC000000345989,VIP,SAMCTS
INC000000345770,VIP,JWSLAI
INC000000345829,Others,OPERATOR1
INC000000345814,Others,OPERATOR1
INC000000345666,Others,KCPCHAN
INC000000344906,Others,LEEMWM
INC000000344867,Others,RICHARDM
INC000000344859,Others,CATGOO
INC000000344659,VIP,RPYLAI
INC000000344548,Others,MCFYIU
INC000000344499,Others,RPYLAI
INC000000344497,Others,RPYLAI
INC000000344212,VIP,MCFYIU
INC000000343909,Others,TOMTAM
INC000000343815,Others,RPYLAI
INC000000343764,Others,MCFYIU
INC000000343671,VIP,SAMCTS
INC000000343599,Others,SCHU
INC000000343557,VIP,RPYLAI
INC000000343552,Others,RPYLAI
INC000000343538,Others,CATGOO
INC000000343529,VIP,CATGOO
INC000000343526,Others,RPYLAI
INC000000343525,VIP,CATGOO
INC000000343491,VIP,RPYLAI
INC000000343476,Others,RFHPOON
INC000000343396,Others,VWHSZETO
INC000000343219,Others,KCPCHAN
INC000000343101,Others,RPYLAI
INC000000343090,Others,JWSLAI
INC000000342692,Others,JWSLAI
INC000000342629,Others,MCFYIU
INC000000342450,Others,RPYLAI
INC000000342255,Others,RPYLAI
INC000000342241,Others,MCFYIU
INC000000342211,VIP,MCFYIU
INC000000342168,Others,LEEMWM
INC000000342146,Others,LEEMWM
INC000000342081,Others,OPERATOR
INC000000342076,Others,KCPCHAN
INC000000342075,Others,KCPCHAN
INC000000342009,Others,MCFYIU
INC000000341948,Others,SCHU
INC000000341742,Others,JWSLAI
INC000000341538,Others,JWSLAI
INC000000341533,Others,CATGOO
INC000000341530,Others,SAMCTS
INC000000341493,Others,RFHPOON
INC000000341492,Others,CATGOO
INC000000341494,Others,TOMTAM
INC000000341486,Others,RPYLAI
INC000000341329,Others,RPYLAI
INC000000341164,VIP,CATGOO
INC000000341109,Others,VWHSZETO
INC000000341082,Others,LEEMWM
INC000000340978,VIP,MCFYIU
INC000000340880,Others,CATGOO
INC000000340595,Others,LEEMWM
INC000000340568,Others,KCPCHAN
INC000000340530,Others,MCFYIU
INC000000340525,Others,MCFYIU
INC000000340391,Others,RFHPOON
INC000000339990,Others,VWHSZETO
INC000000339966,Others,JWSLAI
INC000000339955,VIP,JWSLAI
INC000000339761,Others,KCPCHAN
INC000000339760,Others,KCPCHAN
INC000000339751,Others,KCPCHAN
INC000000339517,Others,RPYLAI
INC000000339279,Others,MCFYIU
INC000000339204,Others,VWHSZETO
INC000000339015,VVIP,MCFYIU
INC000000338929,Others,RPYLAI
INC000000338705,Others,CATGOO
INC000000338506,Others,VWHSZETO
INC000000338372,Others,MCFYIU
INC000000338010,Others,MCFYIU
INC000000338009,Others,MCFYIU
INC000000337977,Others,CATGOO
INC000000337925,VIP,KCPCHAN
INC000000337907,Others,CATGOO
INC000000337851,Others,OPERATOR1
INC000000337845,VIP,RPYLAI
INC000000337835,Others,RPYLAI
INC000000337658,Others,CATGOO
INC000000337635,Others,Remedy Application Service
INC000000337596,Others,MCFYIU
INC000000337595,Others,MCFYIU
INC000000337594,Others,MCFYIU
INC000000337593,Others,MCFYIU
INC000000337592,Others,MCFYIU
INC000000337591,Others,MCFYIU
INC000000337590,Others,MCFYIU
INC000000337589,Others,MCFYIU
INC000000337588,Others,MCFYIU
INC000000337587,Others,MCFYIU
INC000000337586,Others,MCFYIU
INC000000337581,Others,RPYLAI
INC000000337580,,OPERATOR1
INC000000337577,Others,RPYLAI
INC000000337576,Others,RPYLAI
INC000000337573,Others,RPYLAI
INC000000337384,Others,OPERATOR
INC000000337173,Others,MCFYIU
INC000000337172,Others,MCFYIU
INC000000337171,Others,MCFYIU
INC000000337170,Others,MCFYIU
INC000000337169,Others,MCFYIU
INC000000337168,Others,MCFYIU
INC000000337167,Others,MCFYIU
INC000000337166,Others,MCFYIU
INC000000337164,Others,MCFYIU
INC000000337163,Others,MCFYIU
INC000000337162,Others,MCFYIU
INC000000337161,Others,MCFYIU
INC000000337160,Others,MCFYIU
INC000000337159,Others,MCFYIU
INC000000337158,Others,MCFYIU
INC000000337157,Others,MCFYIU
INC000000337156,Others,MCFYIU
INC000000337155,Others,MCFYIU
INC000000337154,Others,MCFYIU
INC000000337151,Others,RPYLAI
INC000000337150,Others,RPYLAI
INC000000337149,Others,RPYLAI
INC000000337148,Others,RPYLAI
INC000000337147,Others,RPYLAI
INC000000337146,Others,RPYLAI
INC000000337139,VIP,RPYLAI
INC000000337138,Others,RPYLAI
INC000000337084,Others,JWSLAI
INC000000336827,Others,KCPCHAN
INC000000336901,Others,OPERATOR1
INC000000336245,Others,KCPCHAN
INC000000336241,Others,KCPCHAN
INC000000336236,Others,RPYLAI
INC000000336197,Others,MCFYIU
INC000000335940,Others,OPERATOR1
INC000000335523,Others,JWSLAI
INC000000335463,VIP,JWSLAI
INC000000335461,VIP,JWSLAI
INC000000335381,Others,VWHSZETO
INC000000335276,Others,JWSLAI
INC000000335272,Others,JWSLAI
INC000000335163,Others,SAMCTS
INC000000335061,VIP,VWHSZETO
INC000000335009,,OPERATOR
INC000000334957,Others,OPERATOR1
INC000000334934,Others,VWHSZETO
INC000000334931,Others,VWHSZETO
INC000000334928,Others,VWHSZETO
INC000000334890,Others,MCFYIU
INC000000334881,VIP,MCFYIU
INC000000334854,Others,JWSLAI
INC000000334668,Others,RFHPOON
INC000000334393,VIP,SAMCTS
INC000000334392,VVIP,RFHPOON
INC000000334316,Others,KCPCHAN
INC000000334313,Others,RPYLAI
INC000000334302,Others,RPYLAI
INC000000334298,VIP,FCYNG
INC000000334284,Others,JWSLAI
INC000000334251,Others,JWSLAI
INC000000334021,Others,OPERATOR
INC000000334108,,OPERATOR1
INC000000333966,Others,SAMCTS
INC000000333958,Others,OPERATOR1
INC000000333951,Others,OPERATOR1
INC000000333891,Others,CATGOO
INC000000333794,Others,RPYLAI
INC000000333735,Others,JWSLAI
INC000000333726,Others,JWSLAI
INC000000333722,Others,SCHU
INC000000333630,Others,VWHSZETO
INC000000333085,Others,VWHSZETO
INC000000333039,Others,JWSLAI
INC000000333016,VIP,TOMTAM
INC000000332892,Others,MCFYIU
INC000000332869,Others,JWSLAI
INC000000332867,Others,JWSLAI
INC000000332863,Others,JWSLAI
INC000000332860,Others,MCFYIU
INC000000332856,Others,MCFYIU
INC000000332702,Others,KCPCHAN
INC000000332476,Others,JWSLAI
INC000000332379,Others,MCFYIU
INC000000332160,Others,VITUSL
INC000000332056,Others,JWSLAI
INC000000331977,VIP,RPYLAI
INC000000331829,VIP,RICHARDM
INC000000331733,Others,OPERATOR1
INC000000331732,Others,OPERATOR1
INC000000331729,Others,OPERATOR1
INC000000331612,Others,OPERATOR1
INC000000331303,Others,RFHPOON
INC000000331271,VIP,KCPCHAN
INC000000331263,Others,RPYLAI
INC000000331175,Others,CTOBY
INC000000331053,Others,RFHPOON
INC000000330878,Others,RPYLAI
INC000000330414,Others,CATGOO
INC000000330360,Others,KCPCHAN
INC000000330312,Others,RPYLAI
INC000000330197,Others,LEEMWM
INC000000330121,Others,VWHSZETO
INC000000329988,Others,JWSLAI
INC000000329783,Others,TOMTAM
INC000000329782,Others,FCYNG
INC000000329764,Others,SAMCTS
INC000000329763,Others,SAMCTS
INC000000329752,Others,LEEMWM
INC000000329746,Others,LEEMWM
INC000000329742,Others,LEEMWM
INC000000329741,Others,TOMTAM
INC000000329734,Others,KCPCHAN
INC000000329726,Others,KCPCHAN
INC000000329689,Others,CATGOO
INC000000329390,Others,RPYLAI
INC000000329383,Others,RPYLAI
INC000000329336,Others,VITUSL
INC000000329314,VIP,CATGOO
INC000000328870,Others,RPYLAI
INC000000328760,Others,TOMTAM
INC000000328740,Others,LEEMWM
INC000000328668,Others,RPYLAI
INC000000328648,Others,CATGOO
INC000000328628,Others,CATGOO
INC000000328596,Others,RPYLAI
INC000000328545,Others,RICHARDM
INC000000328405,Others,RPYLAI
INC000000328392,Others,CATGOO
INC000000328363,Others,RPYLAI
INC000000328180,Others,OPERATOR
INC000000327984,Others,TOMTAM
INC000000327934,Others,CATGOO
INC000000327903,Others,CATGOO
INC000000327860,Others,JWSLAI
INC000000327773,VVIP,CATGOO
INC000000327726,Others,RICHARDM
INC000000327683,Others,RFHPOON
INC000000327625,Others,CATGOO
INC000000327607,Others,MCFYIU
INC000000327405,Others,VWHSZETO
INC000000327307,Others,RPYLAI
INC000000327280,VVIP,TOMTAM
INC000000327266,Others,FCYNG
INC000000327225,Others,RICHARDM
INC000000327152,Others,TOMTAM
INC000000327066,Others,TOMTAM
INC000000327023,Others,VWHSZETO
INC000000326865,Others,LEEMWM
INC000000326831,Others,SAMCTS
INC000000326510,Others,VWHSZETO
INC000000326445,Others,OPERATOR
INC000000326307,Others,JWSLAI
INC000000326238,Others,CATGOO
INC000000326222,Others,WMCHUNG
INC000000326197,Others,RPYLAI
INC000000326000,VIP,DALEHO
INC000000325973,Others,FCYNG
INC000000325915,Others,CATGOO
INC000000325841,Others,RPYLAI
INC000000325779,Others,RPYLAI
INC000000325673,Others,OPERATOR1
INC000000325145,Others,CATGOO
INC000000325086,Others,CATGOO
INC000000324929,VIP,VWHSZETO
INC000000324449,Others,VITUSL
INC000000324446,Others,RFHPOON
INC000000324447,Others,VITUSL
INC000000324440,Others,VWHSZETO
INC000000324405,Others,OPERATOR1
INC000000323354,Others,KCPCHAN
INC000000323350,Others,RPYLAI
INC000000323241,Others,TOMTAM
INC000000323240,Others,SAMCTS
INC000000323204,Others,FCYNG
INC000000323141,Others,JWSLAI
INC000000323061,,OPERATOR1
INC000000322913,Others,SAMCTS
INC000000322859,Others,LEEMWM
INC000000322849,Others,FCYNG
INC000000322707,,OPERATOR1
INC000000322496,Others,VWHSZETO
INC000000322382,Others,SAMCTS
INC000000322296,Others,RICHARDM
INC000000322288,Others,SNCCHONG
INC000000322220,Others,SAMCTS
INC000000322103,Others,RPYLAI
INC000000322100,Others,RPYLAI
INC000000322081,Others,SNCCHONG
INC000000321969,Others,JWSLAI
INC000000321847,Others,JWSLAI
INC000000321602,Others,CATGOO
INC000000321513,Others,WMCHUNG
INC000000321453,Others,TYLAI
INC000000321310,VIP,CATGOO
INC000000321298,VIP,SAMCTS
INC000000320865,VVIP,SAMCTS
INC000000320752,Others,TYLAI
INC000000320738,Others,VWHSZETO
INC000000320730,Others,RPYLAI
INC000000320721,Others,RPYLAI
INC000000320720,Others,RPYLAI
INC000000320717,Others,SAMCTS
INC000000320715,Others,SAMCTS
INC000000320714,Others,LEEMWM
INC000000320708,Others,SAMCTS
INC000000320706,Others,VWHSZETO
INC000000320651,Others,CATGOO
INC000000320643,Others,CATGOO
INC000000320585,VIP,RICHARDM
INC000000320578,Others,OPERATOR
INC000000320544,Others,OPERATOR1
INC000000320514,Others,VITUSL
INC000000320323,Others,CATGOO
INC000000320245,Others,OPERATOR
INC000000320238,Others,RPYLAI
INC000000320235,Others,RPYLAI
INC000000319804,Others,OPERATOR1
INC000000318751,Others,RPYLAI
INC000000318713,Others,VWHSZETO
INC000000318712,Others,SNCCHONG
INC000000318696,Others,SNCCHONG
INC000000318462,Others,VWHSZETO
INC000000318377,Others,CATGOO
INC000000318374,Others,CATGOO
INC000000318323,Others,Remedy Application Service
INC000000318295,Others,RFHPOON
INC000000318243,Others,RPYLAI
INC000000318225,Others,CATGOO
INC000000318221,Others,SAMCTS
INC000000318051,Others,MTROPR
INC000000318039,Others,SNCCHONG
INC000000318017,Others,JWSLAI
INC000000317871,Others,KCPCHAN
INC000000317870,Others,KCPCHAN
INC000000317869,Others,KCPCHAN
INC000000317866,Others,RPYLAI
INC000000317790,Others,CATGOO
INC000000317768,Others,RFHPOON
INC000000317717,Others,CATGOO
INC000000317597,Others,RPYLAI
INC000000317595,Others,RPYLAI
INC000000317589,Others,MTROPR
INC000000316971,Others,RICHARDM
INC000000317017,Others,OPERATOR1
INC000000317008,Others,OPERATOR1
INC000000316909,Others,CATGOO
INC000000316830,Others,TOMTAM
INC000000316810,Others,VITUSL
INC000000316786,,OPERATOR1
INC000000316787,Others,LEEMWM
INC000000316641,Others,MTROPR
INC000000316629,Others,CATGOO
INC000000316592,Others,CATGOO
INC000000316582,Others,LEEMWM
INC000000316553,Others,LEEMWM
INC000000316541,Others,LEEMWM
INC000000316531,Others,JWSLAI
INC000000316494,Others,TOMTAM
INC000000316484,Others,RPYLAI
INC000000316482,Others,RPYLAI
INC000000316481,Others,TOMTAM
INC000000316480,Others,RPYLAI
INC000000316435,VVIP,JWSLAI
INC000000316412,Others,FHNTANG
INC000000316291,Others,RPYLAI
INC000000316289,Others,RPYLAI
INC000000316288,Others,RPYLAI
INC000000316287,Others,RPYLAI
INC000000316277,Others,TOMTAM
INC000000316223,Others,TOMTAM
INC000000316184,Others,CATGOO
INC000000316178,Others,CATGOO
INC000000316107,Others,TOMTAM
INC000000316082,Others,RPYLAI
INC000000316062,Others,MCFYIU
INC000000315955,Others,CATGOO
INC000000315190,Others,CATGOO
INC000000315743,Others,OPERATOR1
INC000000315147,Others,CATGOO
INC000000315114,Others,CATGOO
INC000000315051,Others,OPERATOR1
INC000000314876,Others,JWSLAI
INC000000314478,Others,RPYLAI
INC000000314449,Others,JWSLAI
INC000000314444,Others,VITUSL
INC000000314433,Others,JWSLAI
INC000000314427,Others,WMCHUNG
INC000000314070,Others,RPYLAI
INC000000314043,Others,LEOFONG
INC000000313860,Others,TOMTAM
INC000000312842,Others,TYLAI
INC000000312831,Others,RPYLAI
INC000000312737,Others,CATGOO
INC000000312630,Others,JWSLAI
INC000000312509,Others,JWSLAI
INC000000312490,Others,JWSLAI
INC000000312355,Others,RPYLAI
INC000000312318,Others,MCFYIU
INC000000312242,Others,RPYLAI
INC000000312230,Others,LEEMWM
INC000000311963,Others,JWSLAI
INC000000311951,Others,SAMCTS
INC000000311800,Others,CATGOO
INC000000311702,Others,OPERATOR1
INC000000311699,Others,OPERATOR1
INC000000311675,Others,TYLAI
INC000000311674,Others,TYLAI
INC000000311673,Others,TYLAI
INC000000311672,Others,TYLAI
INC000000311671,Others,RPYLAI
INC000000311670,Others,RPYLAI
INC000000311669,Others,RPYLAI
INC000000311668,Others,RPYLAI
INC000000311667,Others,RPYLAI
INC000000310933,Others,OPERATOR1
INC000000310269,Others,RPYLAI
INC000000310426,Others,MCFYIU
INC000000310211,Others,JWSLAI
INC000000310206,Others,JWSLAI
INC000000310181,Others,CATGOO
INC000000310179,Others,CATGOO
INC000000310097,Others,RFHPOON
INC000000309407,Others,VITUSL
INC000000309375,Others,CATGOO
INC000000309205,Others,OPERATOR1
INC000000309185,Others,VITUSL
INC000000309159,Others,OPERATOR1
INC000000308130,Others,LAMCKO
INC000000307980,Others,OPERATOR1
INC000000307912,Others,WMCHUNG
INC000000307905,Others,RPYLAI
INC000000307748,Others,OPERATOR1
INC000000307362,Others,MCFYIU
INC000000307324,Others,MCFYIU
INC000000307211,Others,OPERATOR1
INC000000307210,Others,OPERATOR1
INC000000307089,Others,JWSLAI
INC000000306992,Others,LEEMWM
INC000000306740,Others,JWSLAI
INC000000306253,Others,JWSLAI
INC000000306223,Others,OPERATOR1
INC000000305821,Others,OPERATOR1
INC000000305765,Others,TOMTAM
INC000000305726,Others,OPERATOR1
INC000000305718,Others,OPERATOR1
INC000000305717,Others,OPERATOR1
INC000000305052,Others,TOMTAM
INC000000304942,Others,JWSLAI
INC000000304807,Others,RPYLAI
INC000000304244,Others,JWSLAI
INC000000304139,Others,OPERATOR1
INC000000304129,Others,OPERATOR1
INC000000303869,Others,OPERATOR1
INC000000303554,Others,OPERATOR1
INC000000303515,Others,TOMTAM
INC000000303344,Others,OPERATOR1
INC000000303325,Others,OPERATOR1
INC000000302416,Others,OPERATOR1
INC000000302409,Others,OPERATOR1
INC000000302403,Others,OPERATOR1
INC000000302259,Others,TOMTAM
INC000000302256,Others,TOMTAM
INC000000302254,Others,TOMTAM
INC000000302150,Others,RPYLAI
INC000000298783,Others,RPYLAI
INC000000298775,VVIP,JWSLAI
INC000000298630,Others,MCFYIU
INC000000298468,Others,VITUSL
INC000000298445,Others,OPERATOR1
INC000000298335,Others,RPYLAI
INC000000298334,Others,RPYLAI
INC000000298328,Others,RPYLAI
INC000000298167,Others,MCFYIU
INC000000298150,Others,RPYLAI
INC000000298122,Others,RPYLAI
INC000000298116,Others,TOMTAM
INC000000298058,Others,TOMTAM
INC000000297814,Others,OPERATOR1
INC000000297723,Others,VITUSL
INC000000297570,Others,CATGOO
INC000000297538,Others,RPYLAI
INC000000297535,Others,TOMTAM
INC000000297437,Others,RPYLAI
INC000000297056,Others,RPYLAI
INC000000297025,Others,CATGOO
INC000000296977,Others,TOMTAM
INC000000296455,Others,TOMTAM
INC000000297145,Others,OPERATOR1
INC000000297142,Others,OPERATOR1
INC000000296308,Others,LEEMWM
INC000000296307,Others,LEEMWM
INC000000296294,Others,CATGOO
INC000000296268,Others,TOMTAM
INC000000296231,Others,LEEMWM
INC000000296226,Others,LEEMWM
INC000000296222,Others,LEEMWM
INC000000296215,Others,TOMTAM
INC000000296202,Others,LEEMWM
INC000000296200,Others,LEEMWM
INC000000296181,Others,CATGOO
INC000000296175,Others,JWSLAI
INC000000296171,Others,JWSLAI
INC000000296157,Others,TYLAI
INC000000296156,Others,TYLAI
INC000000296152,Others,TYLAI
INC000000296151,Others,OPERATOR1
INC000000296108,Others,CATGOO
INC000000296089,Others,CATGOO
INC000000296057,Others,OPERATOR1
INC000000295255,Others,MCFYIU
INC000000295078,Others,RFHPOON
INC000000295017,Others,OPERATOR1
INC000000294920,Others,CATGOO
INC000000294893,Others,OPERATOR1
INC000000294627,Others,TYLAI
INC000000294598,VVIP,TYLAI
INC000000294566,Others,RPYLAI
INC000000294188,Others,TOMTAM
INC000000294110,Others,MCFYIU
INC000000294089,Others,CATGOO
INC000000293863,Others,RICHARDM
INC000000293699,VVIP,MCFYIU
INC000000293583,Others,OPERATOR1
INC000000293519,VIP,RPYLAI
INC000000293518,Others,TOMTAM
INC000000293491,VIP,Remedy Application Service
INC000000293484,Others,TOMTAM
INC000000293471,Others,CATGOO
INC000000293454,Others,JWSLAI
INC000000293451,Others,VITUSL
INC000000293432,Others,RFHPOON
INC000000293424,Others,JWSLAI
INC000000293421,Others,OPERATOR1
INC000000293417,Others,TOMTAM
INC000000293416,Others,TOMTAM
INC000000293414,Others,VITUSL
INC000000293411,Others,VITUSL
INC000000293415,Others,TOMTAM
INC000000293395,Others,MCFYIU
INC000000293317,VIP,MCFYIU
INC000000293313,Others,RFHPOON
INC000000293246,Others,RPYLAI
INC000000293232,VIP,RPYLAI
INC000000293147,Others,YKTANG
INC000000292476,Others,OPERATOR1
INC000000292454,Others,OPERATOR1
INC000000293081,Others,TOMTAM
INC000000293080,Others,LEEMWM
INC000000293055,Others,OPERATOR1
INC000000293038,Others,TYLAI
INC000000293035,Others,RPYLAI
INC000000292999,Others,MCFYIU
INC000000292998,Others,VITUSL
INC000000292962,Others,MCFYIU
INC000000292789,Others,OPERATOR1
INC000000292702,Others,LEEMWM
INC000000292655,Others,LEEMWM
INC000000292583,VVIP,LEEMWM
INC000000292576,Others,LEEMWM
INC000000292500,Others,OPERATOR1
INC000000292448,Others,OPERATOR1
INC000000292428,Others,OPERATOR1
INC000000292143,Others,RPYLAI
INC000000292128,Others,RPYLAI
INC000000291998,Others,LEEMWM
INC000000291950,Others,PMFYEUNG
INC000000291810,Others,RFHPOON
INC000000291738,Others,RPYLAI
INC000000291533,VVIP,JWSLAI
INC000000291408,Others,RFHPOON
INC000000291251,Others,RPYLAI
INC000000290772,Others,OPERATOR
INC000000290689,Others,RFHPOON
INC000000290662,Others,LEEMWM
INC000000290620,Others,RPYLAI
INC000000290618,Others,RPYLAI
INC000000290617,Others,JWSLAI
INC000000290616,Others,LEEMWM
INC000000290520,Others,JWSLAI
INC000000290519,Others,JWSLAI
INC000000290518,Others,JWSLAI
INC000000290487,Others,MCFYIU
INC000000290470,Others,MCFYIU
INC000000290433,Others,RPYLAI
INC000000290373,Others,OPERATOR
INC000000290312,Others,OPERATOR1
INC000000290269,Others,MCFYIU
INC000000290253,Others,RPYLAI
INC000000291105,Others,OPERATOR1
INC000000289798,Others,OPERATOR1
INC000000289756,Others,OPERATOR1
INC000000290089,Others,PMFYEUNG
INC000000290075,Others,MCFYIU
INC000000290042,Others,Remedy Application Service
INC000000290006,Others,JWSLAI
INC000000289984,Others,JWSLAI
INC000000289902,Others,RPYLAI
INC000000289646,Others,EYLTSANG
INC000000289538,Others,TYLAI
INC000000289515,Others,TYLAI
INC000000289514,Others,TYLAI
INC000000289512,Others,TYLAI
INC000000289505,Others,RFHPOON
INC000000289729,Others,OPERATOR1
INC000000289334,Others,RPYLAI
INC000000289175,Others,JWSLAI
INC000000289164,Others,MCFYIU
INC000000289144,Others,RPYLAI
INC000000289067,Others,TYLAI
INC000000289007,Others,LAMCKO
INC000000288698,Others,LAMCKO
INC000000288492,Others,JWSLAI
INC000000288464,Others,JWSLAI
INC000000288415,Others,VITUSL
INC000000288393,Others,TYLAI
INC000000288392,Others,TYLAI
INC000000288381,Others,TYLAI
INC000000288370,Others,RPYLAI
INC000000288366,Others,RPYLAI
INC000000288270,VVIP,CATGOO
INC000000288269,Others,OPERATOR1
INC000000288266,Others,OPERATOR1
INC000000288149,Others,TYLAI
INC000000288062,Others,CATGOO
INC000000288046,Others,OPERATOR1
INC000000288040,Others,RPYLAI
INC000000288028,VIP,RPYLAI
INC000000288006,Others,MCFYIU
INC000000287954,,TYLAI
INC000000287942,Others,TYLAI
INC000000287902,VVIP,TOMTAM
INC000000287828,Others,RPYLAI
INC000000287800,Others,EYLTSANG
INC000000287704,Others,MCFYIU
INC000000287657,Others,LEEMWM
INC000000287635,Others,MCFYIU
INC000000287617,Others,RPYLAI
INC000000287578,Others,OPERATOR1
INC000000287576,Others,OPERATOR1
INC000000287564,Others,OPERATOR1
INC000000287563,Others,OPERATOR1
INC000000287561,Others,OPERATOR1
INC000000287559,Others,OPERATOR1
INC000000287558,Others,OPERATOR1
INC000000287551,Others,OPERATOR1
INC000000287549,Others,OPERATOR1
INC000000287532,Others,OPERATOR1
INC000000287521,Others,OPERATOR1
INC000000287515,Others,OPERATOR1
INC000000287466,Others,LEEMWM
INC000000287441,Others,JWSLAI
INC000000287309,Others,VITUSL
INC000000287275,Others,RICHARDM
INC000000287216,VIP,LEEMWM
INC000000287138,Others,RICHARDM
INC000000285995,Others,OPERATOR1
INC000000285992,Others,OPERATOR1
INC000000285990,Others,OPERATOR1
INC000000285988,Others,OPERATOR1
INC000000286796,Others,MCFYIU
INC000000286697,Others,EYLTSANG
INC000000286649,Others,EYLTSANG
INC000000286571,Others,MCFYIU
INC000000286547,Others,RFHPOON
INC000000286515,Others,EYLTSANG
INC000000286397,Others,MCFYIU
INC000000286346,Others,OPERATOR1
INC000000286343,Others,TYLAI
INC000000286342,Others,TYLAI
INC000000286341,Others,TYLAI
INC000000286340,Others,TYLAI
INC000000286339,Others,TYLAI
INC000000286338,Others,TYLAI
INC000000286337,Others,TYLAI
INC000000286336,Others,TYLAI
INC000000286335,Others,TYLAI
INC000000286334,Others,TYLAI
INC000000286333,Others,TYLAI
INC000000286332,Others,TYLAI
INC000000286331,,TYLAI
INC000000286251,Others,CATGOO
INC000000286099,Others,MCFYIU
INC000000286001,Others,RPYLAI
INC000000285957,Others,OPERATOR1
INC000000285607,Others,MCFYIU
INC000000285604,Others,OPERATOR1
INC000000285493,Others,TOMTAM
INC000000285418,Others,TOMTAM
INC000000285412,Others,OPERATOR1
INC000000285392,Others,LEEMWM
INC000000285387,Others,JWSLAI
INC000000285272,Others,CATGOO
INC000000285254,Others,EYLTSANG
INC000000285179,Others,OPERATOR1
INC000000285176,Others,OPERATOR1
INC000000285172,Others,OPERATOR1
INC000000285171,Others,OPERATOR1
INC000000285170,Others,OPERATOR1
INC000000285025,Others,RFHPOON
INC000000285004,Others,RPYLAI
INC000000284852,Others,MCFYIU
INC000000284851,Others,MCFYIU
INC000000284849,Others,EYLTSANG
INC000000284822,Others,MCFYIU
INC000000284670,Others,CATGOO
INC000000284953,Others,OPERATOR1
INC000000284931,Others,OPERATOR1
INC000000284908,Others,OPERATOR1
INC000000284527,Others,RPYLAI
INC000000284494,Others,EYLTSANG
INC000000284437,Others,RPYLAI
INC000000284398,VIP,RFHPOON
INC000000284396,Others,MCFYIU
INC000000284341,Others,RPYLAI
INC000000284299,Others,JWSLAI
INC000000284264,Others,MCFYIU
INC000000284247,Others,LEEMWM
INC000000284221,Others,EYLTSANG
INC000000284212,Others,LEEMWM
INC000000284166,Others,MCFYIU
INC000000284138,Others,LEEMWM
INC000000284130,Others,RPYLAI
INC000000284070,Others,OPERATOR1
INC000000284056,,TYLAI
INC000000284045,Others,RFHPOON
INC000000284000,Others,OPERATOR1
INC000000283879,VVIP,EYLTSANG
INC000000283837,Others,LEEMWM
INC000000283803,Others,RPYLAI
INC000000283787,Others,OPERATOR1
INC000000283779,Others,MCFYIU
INC000000283768,Others,CATGOO
INC000000283757,Others,MCFYIU
INC000000283743,Others,MCFYIU
INC000000283741,Others,EYLTSANG
INC000000283712,Others,LEEMWM
INC000000283655,Others,EYLTSANG
INC000000283622,Others,CATGOO
INC000000283590,Others,RPYLAI
INC000000283554,Others,TOMTAM
INC000000283529,Others,RFHPOON
INC000000283520,Others,MCFYIU
INC000000283519,Others,MCFYIU
INC000000283456,Others,TOMTAM
INC000000283439,Others,LEEMWM
INC000000283436,Others,TOMTAM
INC000000283434,Others,LEEMWM
INC000000283430,Others,LEEMWM
INC000000283427,Others,JWSLAI
INC000000283421,Others,CATGOO
INC000000283404,Others,LEEMWM
INC000000283399,Others,LEEMWM
INC000000283392,Others,RFHPOON
INC000000283382,VIP,AOKLEUNG
INC000000283379,Others,AOKLEUNG
INC000000283366,Others,MCFYIU
INC000000283354,Others,OPERATOR1
INC000000283345,Others,RPYLAI
INC000000283338,Others,MCFYIU
INC000000283334,Others,RFHPOON
INC000000283290,Others,MCFYIU
INC000000283284,Others,JWSLAI
INC000000283259,Others,MCFYIU
INC000000283239,VIP,RPYLAI
INC000000283241,Others,RPYLAI
INC000000283224,Others,RPYLAI
INC000000283222,Others,RPYLAI
INC000000283202,Others,RPYLAI
INC000000283201,Others,OPERATOR1
INC000000283200,Others,RFHPOON
INC000000283195,Others,LEEMWM
INC000000283191,Others,JWSLAI
INC000000283056,Others,OPERATOR1
INC000000283055,Others,TYLAI
INC000000283052,Others,RPYLAI
INC000000283039,Others,RPYLAI
INC000000283030,Others,MCFYIU
INC000000283004,Others,LEEMWM
INC000000282993,Others,RPYLAI
INC000000282926,Others,RPYLAI
INC000000282908,Others,RPYLAI
INC000000282798,Others,RFHPOON
INC000000282869,Others,OPERATOR1
INC000000282817,Others,OPERATOR1
INC000000282760,Others,TOMTAM
INC000000282744,Others,MCFYIU
INC000000282718,Others,RPYLAI
INC000000282707,Others,RPYLAI
INC000000282706,Others,RPYLAI
INC000000282704,Others,RPYLAI
INC000000282568,Others,JWSLAI
INC000000282546,Others,MCFYIU
INC000000282545,Others,MCFYIU
INC000000282542,Others,LEEMWM
INC000000282536,Others,RPYLAI
INC000000282523,Others,LEEMWM
INC000000282512,Others,TOMTAM
INC000000282511,Others,TOMTAM
INC000000282509,Others,TOMTAM
INC000000282386,Others,CATGOO
INC000000282380,Others,MCFYIU
INC000000282379,Others,MCFYIU
INC000000282377,Others,MCFYIU
INC000000282370,Others,RPYLAI
INC000000282368,Others,RPYLAI
INC000000282365,Others,RPYLAI
INC000000282360,Others,JWSLAI
INC000000282355,Others,JWSLAI
INC000000282354,Others,JWSLAI
INC000000282346,Others,MCFYIU
INC000000282345,Others,MCFYIU
INC000000282341,Others,MCFYIU
INC000000282300,Others,MCFYIU
INC000000282283,Others,CATGOO
INC000000282275,Others,MCFYIU
INC000000282251,Others,RPYLAI
INC000000282243,Others,RPYLAI
INC000000282222,Others,RFHPOON
INC000000282219,Others,RFHPOON
INC000000282149,Others,RPYLAI
INC000000282148,Others,RPYLAI
INC000000282146,Others,RPYLAI
INC000000282143,Others,RPYLAI
INC000000282132,Others,MCFYIU
INC000000282097,Others,RFHPOON
INC000000282069,Others,RPYLAI
INC000000282064,Others,RPYLAI
INC000000282063,VIP,RPYLAI
INC000000282062,Others,RPYLAI
INC000000282060,Others,RPYLAI
INC000000282050,Others,JWSLAI
INC000000282017,Others,RPYLAI
INC000000282005,Others,MCFYIU
INC000000281940,Others,RPYLAI
INC000000281936,Others,TYLAI
INC000000281935,Others,TYLAI
INC000000281934,Others,TYLAI
INC000000281932,Others,RPYLAI
INC000000281903,Others,MCFYIU
INC000000281893,Others,OPERATOR1
INC000000281750,Others,Remedy Application Service
INC000000281686,Others,RPYLAI
INC000000281641,VIP,EYLTSANG
INC000000281583,Others,RPYLAI
INC000000281582,Others,RPYLAI
INC000000281555,Others,WANDREWC
INC000000281524,Others,MCFYIU
INC000000281406,Others,OPERATOR1
INC000000281107,VVIP,MCFYIU
INC000000281028,Others,RPYLAI
INC000000281021,Others,YKTANG
INC000000281002,Others,MCFYIU
INC000000280869,Others,RPYLAI
INC000000280854,VIP,EYLTSANG
INC000000280852,Others,EYLTSANG
INC000000280629,Others,RPYLAI
INC000000280582,Others,EYLTSANG
INC000000280438,Others,RPYLAI
INC000000280122,Others,MCFYIU
INC000000280109,VVIP,EYLTSANG
INC000000279565,Others,CATGOO
INC000000279540,Others,MCFYIU
INC000000279443,Others,OPERATOR1
INC000000279416,Others,PMFYEUNG
INC000000279341,Others,EYLTSANG
INC000000279176,Others,RPYLAI
INC000000279173,Others,MCFYIU
INC000000279172,Others,MCFYIU
INC000000279156,Others,MCFYIU
INC000000279153,Others,TOMTAM
INC000000279110,Others,LEEMWM
INC000000279104,Others,TYLAI
INC000000278848,Others,OPERATOR1
INC000000278833,Others,RFHPOON
INC000000278771,Others,EYLTSANG
INC000000278557,Others,RPYLAI
INC000000278556,Others,RPYLAI
INC000000278545,Others,MCFYIU
INC000000278491,Others,Remedy Application Service
INC000000278318,VIP,MCFYIU
INC000000278267,VIP,Remedy Application Service
INC000000278249,Others,Remedy Application Service
INC000000278245,Others,TYLAI
INC000000278224,Others,RFHPOON
INC000000278220,VIP,MCFYIU
INC000000278214,Others,MCFYIU
INC000000278180,Others,OPERATOR1
INC000000277807,Others,OPERATOR1
INC000000277986,Others,RFHPOON
INC000000277751,Others,RPYLAI
INC000000277702,Others,TOMTAM
INC000000277366,Others,JWSLAI
INC000000277363,Others,RFHPOON
INC000000277353,Others,MCFYIU
INC000000276911,Others,EYLTSANG
INC000000276803,Others,TOMTAM
INC000000276794,VIP,MCFYIU
INC000000276789,VIP,LEEMWM
INC000000276788,VIP,LEEMWM
INC000000276759,VIP,TOMTAM
INC000000276729,VIP,RFHPOON
INC000000276720,VVIP,TOMTAM
INC000000276712,VIP,TOMTAM
INC000000276711,VIP,TOMTAM
INC000000276697,VVIP,CATGOO
INC000000276318,Others,RPYLAI
INC000000276153,Others,RPYLAI
INC000000276135,Others,RPYLAI
INC000000275964,Others,MCFYIU
INC000000275835,Others,MCFYIU
INC000000275797,VIP,LAMLYY
INC000000275723,VVIP,MCFYIU
INC000000275670,VVIP,LAMLYY
INC000000275573,Others,EYLTSANG
INC000000275567,Others,TOMTAM
INC000000275509,Others,RPYLAI
INC000000275482,Others,OPERATOR1
INC000000275481,Others,OPERATOR1
INC000000275463,Others,MCFYIU
INC000000275444,Others,JWSLAI
INC000000275438,Others,JWSLAI
INC000000275355,Others,Remedy Application Service
INC000000275341,Others,TOMTAM
INC000000275342,Others,LEEMWM
INC000000275288,VIP,TOMTAM
INC000000275286,VVIP,LEEMWM
INC000000275214,VIP,Remedy Application Service
INC000000275204,Others,MCFYIU
INC000000275187,Others,EYLTSANG
INC000000275120,Others,LAMLYY
INC000000275041,Others,EYLTSANG
INC000000274828,Others,JWSLAI
INC000000274737,Others,EYLTSANG
INC000000274707,Others,LAMLYY
INC000000274679,Others,TYLAI
INC000000274650,Others,TYLAI
INC000000274562,Others,EYLTSANG
INC000000274508,Others,EYLTSANG
INC000000274455,Others,RPYLAI
INC000000274448,Others,RPYLAI
INC000000274404,Others,EYLTSANG
INC000000274381,Others,MCFYIU
INC000000274263,Others,OPERATOR1
INC000000273910,Others,LAMLYY
INC000000273818,Others,Remedy Application Service
INC000000273742,Others,JWSLAI
INC000000273704,VIP,EYLTSANG
INC000000273691,VIP,Remedy Application Service
INC000000273685,VIP,LAMLYY
INC000000273684,VIP,LAMLYY
INC000000273633,VIP,LAMLYY
INC000000273422,Others,WANDREWC
INC000000273359,Others,RPYLAI
INC000000273238,Others,RPYLAI
INC000000273212,Others,Remedy Application Service
INC000000273052,Others,TOMTAM
INC000000273009,VIP,LAMLYY
INC000000272593,VIP,Remedy Application Service
INC000000272379,Others,RPYLAI
INC000000272244,Others,MCFYIU
INC000000272157,Others,CATGOO
INC000000272147,Others,OPERATOR1
INC000000271990,VIP,MCFYIU
INC000000271760,Others,RPYLAI
INC000000271747,Others,OPERATOR1
INC000000271701,Others,TYLAI
INC000000271655,Others,OPERATOR1
INC000000271653,Others,OPERATOR1
INC000000271634,Others,JWSLAI
INC000000271436,Others,CATGOO
INC000000271433,VVIP,MCFYIU
INC000000271389,Others,OPERATOR1
INC000000271387,Others,OPERATOR1
INC000000271303,Others,MCFYIU
INC000000271272,Others,TWSTSANG
INC000000271257,Others,MCFYIU
INC000000271252,Others,MCFYIU
INC000000271242,Others,MCFYIU
INC000000271179,Others,EYLTSANG
INC000000271125,VIP,EYLTSANG
INC000000271113,VVIP,RFHPOON
INC000000271090,Others,RPYLAI
INC000000271036,Others,RPYLAI
INC000000270984,Others,RFHPOON
INC000000270963,Others,TYLAI
INC000000270894,Others,MCFYIU
INC000000270871,Others,MCFYIU
INC000000270717,Others,TYLAI
INC000000270666,Others,LAMLYY
INC000000270647,Others,MCFYIU
INC000000270496,Others,LEEMWM
INC000000270333,Others,TWSTSANG
INC000000270305,Others,TYLAI
INC000000270303,Others,TYLAI
INC000000270274,Others,RPYLAI
INC000000270175,Others,LEEMWM
INC000000270148,Others,MCFYIU
INC000000270058,Others,EYLTSANG
INC000000269851,Others,MCFYIU
INC000000269838,Others,TWSTSANG
INC000000269819,Others,LAMLYY
INC000000269687,Others,OPERATOR1
INC000000269662,Others,JWSLAI
INC000000269642,Others,JWSLAI
INC000000269586,Others,OPERATOR1
INC000000269581,Others,OPERATOR1
INC000000269580,Others,OPERATOR1
INC000000269577,Others,OPERATOR1
INC000000269501,Others,OPERATOR1
INC000000269401,Others,TYLAI
INC000000269388,Others,RFHPOON
INC000000269387,Others,RPYLAI
INC000000269325,Others,RFHPOON
INC000000269266,Others,JWSLAI
INC000000269039,Others,RFHPOON
INC000000269004,Others,OPERATOR1
INC000000268999,Others,JWSLAI
INC000000268967,Others,DAVIDCWK
INC000000268947,Others,LAMLYY
INC000000268873,Others,OPERATOR1
INC000000268871,Others,TYLAI
INC000000268855,Others,JWSLAI
INC000000268819,Others,WANDREWC
INC000000268743,Others,MCFYIU
INC000000268562,Others,RPYLAI
INC000000268553,Others,TYLAI
INC000000268552,Others,TYLAI
INC000000268540,Others,TYLAI
INC000000268530,Others,MCFYIU
INC000000268516,Others,EYLTSANG
INC000000268500,Others,RPYLAI
INC000000268463,Others,EYLTSANG
INC000000268314,Others,OPERATOR1
INC000000268249,Others,RPYLAI
INC000000268251,Others,LAMLYY
INC000000267877,Others,JWSLAI
INC000000267740,Others,OPERATOR1
INC000000267505,Others,RPYLAI
INC000000267462,Others,MCFYIU
INC000000267213,Others,OPERATOR1
INC000000266979,Others,RPYLAI
INC000000266952,Others,RPYLAI
INC000000266887,Others,YKTANG
INC000000266704,Others,LAMLYY
INC000000266452,Others,RFHPOON
INC000000266521,Others,RPYLAI
INC000000265064,Others,RPYLAI
INC000000266331,Others,TYLAI
INC000000266236,Others,EYLTSANG
INC000000266189,Others,MCFYIU
INC000000265890,Others,MCFYIU
INC000000265847,Others,RPYLAI
INC000000265844,Others,LEEMWM
INC000000265839,Others,EYLTSANG
INC000000265581,Others,LEEMWM
INC000000265577,Others,WANDREWC
INC000000265508,VVIP,RPYLAI
INC000000265279,Others,EYLTSANG
INC000000265217,Others,LAMLYY
INC000000265201,Others,LAMLYY
INC000000265147,Others,RPYLAI
INC000000265146,Others,RPYLAI
INC000000265105,Others,LAMLYY
INC000000265104,Others,RPYLAI
INC000000265103,Others,RPYLAI
INC000000265102,Others,RPYLAI
INC000000265101,Others,RFHPOON
INC000000265100,Others,LEEMWM
INC000000264998,Others,JWSLAI
INC000000265054,Others,RPYLAI
INC000000265046,Others,OPERATOR1
INC000000265035,Others,OPERATOR1
INC000000264954,Others,OPERATOR1
INC000000264944,Others,TYLAI
INC000000264937,Others,TYLAI
INC000000264907,Others,TYLAI
INC000000264695,Others,MCFYIU
INC000000264684,Others,EYLTSANG
INC000000264634,Others,LEEMWM
INC000000264309,Others,LAMLYY
INC000000264144,Others,CATGOO
INC000000264139,Others,MCFYIU
INC000000264112,Others,RPYLAI
INC000000264108,Others,RPYLAI
INC000000264019,Others,RPYLAI
INC000000263830,VIP,MCFYIU
INC000000263759,Others,AA50038
INC000000263733,Others,TYLAI
INC000000263720,Others,TWSTSANG
INC000000263664,Others,OPERATOR1
INC000000263663,Others,OPERATOR1
INC000000263656,Others,Remedy Application Service
INC000000263648,Others,Remedy Application Service
INC000000263498,Others,MCFYIU
INC000000263453,Others,MCFYIU
INC000000263408,Others,RPYLAI
INC000000263231,Others,RPYLAI
INC000000263179,Others,EYLTSANG
INC000000263171,VIP,EYLTSANG
INC000000263608,Others,OPERATOR1
INC000000263606,Others,Remedy Application Service
INC000000262489,Others,Remedy Application Service
INC000000263137,Others,TYLAI
INC000000263018,Others,TOMTAM
INC000000262946,Others,WANDREWC
INC000000262616,Others,RPYLAI
INC000000262595,Others,MCFYIU
INC000000262585,Others,LAMLYY
INC000000262570,Others,JWSLAI
INC000000262562,Others,RFHPOON
INC000000262456,Others,OPERATOR1
INC000000262156,Others,RFHPOON
INC000000262242,Others,EYLTSANG
INC000000262216,Others,EYLTSANG
INC000000261891,Others,EYLTSANG
INC000000261795,Others,TYLAI
INC000000261503,Others,RPYLAI
INC000000261315,Others,RPYLAI
INC000000261235,Others,TWSTSANG
INC000000261081,Others,EYLTSANG
INC000000261074,Others,EYLTSANG
INC000000260666,Others,Remedy Application Service
INC000000260655,Others,RICHARDM
INC000000260646,Others,LAMLYY
INC000000260309,Others,MCFYIU
INC000000260302,Others,MCFYIU
INC000000260102,Others,TOMTAM
INC000000260097,Others,AA50038
INC000000260070,Others,OPERATOR1
INC000000259978,Others,RPYLAI
INC000000259953,Others,OPERATOR1
INC000000259951,Others,MCFYIU
INC000000259947,Others,MCFYIU
INC000000259925,Others,MCFYIU
INC000000259757,Others,RPYLAI
INC000000259705,Others,MCFYIU
INC000000258872,Others,RPYLAI
INC000000258850,Others,LAMLYY
INC000000258837,Others,LAMLYY
INC000000258797,Others,TYLAI
INC000000258744,Others,OPERATOR1
INC000000258742,Others,MCFYIU
INC000000258714,Others,LAMLYY
INC000000257946,Others,RPYLAI
INC000000257903,Others,OPERATOR1
INC000000257846,Others,TYLAI
INC000000257772,Others,DKMLAM
INC000000257735,Others,MCFYIU
INC000000257647,Others,RPYLAI
INC000000257630,Others,MCFYIU
INC000000257607,Others,OPERATOR1
INC000000257552,Others,RICHARDM
INC000000256969,Others,RPYLAI
INC000000256880,Others,RPYLAI
INC000000256739,Others,Remedy Application Service
INC000000256732,Others,RPYLAI
INC000000256704,Others,RPYLAI
INC000000256694,Others,RPYLAI
INC000000256692,Others,RPYLAI
INC000000256164,Others,MCFYIU
INC000000256068,Others,RPYLAI
INC000000256053,Others,RPYLAI
INC000000256031,Others,RPYLAI
INC000000255814,Others,MCFYIU
INC000000255703,Others,OPERATOR1
INC000000255448,Others,MCFYIU
INC000000255380,Others,LEEMWM
INC000000255371,Others,MCFYIU
INC000000255370,Others,MCFYIU
INC000000255356,Others,MCFYIU
INC000000255314,Others,TYLAI
INC000000255305,Others,RPYLAI
INC000000255186,Others,CAESARC
INC000000255162,Others,CAESARC
INC000000255142,Others,MCFYIU
INC000000255100,Others,RPYLAI
INC000000255076,VIP,MCFYIU
INC000000255075,Others,MCFYIU
INC000000255072,Others,MCFYIU
INC000000255071,Others,MCFYIU
INC000000254996,Others,TWSTSANG
INC000000254976,Others,CAESARC
INC000000254953,Others,TYLAI
INC000000254943,Others,Remedy Application Service
INC000000254927,Others,RPYLAI
INC000000254907,Others,MCFYIU
INC000000254906,Others,MCFYIU
INC000000254877,Others,OPERATOR1
INC000000254874,Others,OPERATOR1
INC000000254869,Others,RPYLAI
INC000000254725,Others,MCFYIU
INC000000254674,Others,TWSTSANG
INC000000254568,Others,MCFYIU
INC000000254370,Others,MCFYIU
INC000000254176,Others,CAESARC
INC000000254164,Others,CAESARC
INC000000254053,Others,CAESARC
INC000000254048,Others,CAESARC
INC000000254045,Others,RFHPOON
INC000000253973,Others,TYLAI
INC000000253972,Others,JWSLAI
INC000000253777,Others,CAESARC
INC000000253708,Others,JWSLAI
INC000000253444,Others,TYLAI
INC000000253443,Others,TYLAI
INC000000253205,Others,TYLAI
INC000000253170,Others,RPYLAI
INC000000253160,Others,TWSTSANG
INC000000253151,Others,RPYLAI
INC000000253147,Others,RPYLAI
INC000000253146,Others,FWYEUNG2
INC000000253111,Others,TWSTSANG
INC000000253095,Others,TOMTAM
INC000000253089,Others,MCFYIU
INC000000253085,Others,TYLAI
INC000000253029,Others,CAESARC
INC000000252886,Others,RPYLAI
INC000000252882,Others,RPYLAI
INC000000252863,Others,TWSTSANG
INC000000252850,Others,RPYLAI
INC000000252810,Others,MCFYIU
INC000000252807,Others,DKMLAM
INC000000252686,Others,TYLAI
INC000000252685,Others,TYLAI
INC000000252682,Others,MCFYIU
INC000000252681,Others,MCFYIU
INC000000252648,Others,RPYLAI
INC000000252607,Others,CAESARC
INC000000252585,Others,TWSTSANG
INC000000252541,Others,TYLAI
INC000000252539,Others,RPYLAI
INC000000252533,Others,DKMLAM
INC000000252463,Others,CAESARC
INC000000252392,Others,CAESARC
INC000000252318,Others,CAESARC
INC000000252316,Others,TYLAI
INC000000252306,Others,TYLAI
INC000000252195,Others,RPYLAI
INC000000252145,Others,CAESARC
INC000000252131,Others,CAESARC
INC000000252100,Others,CAESARC
INC000000251992,Others,TYLAI
INC000000251955,Others,LEEMWM
INC000000251952,Others,DKMLAM
INC000000251950,Others,RFHPOON
INC000000251945,Others,LEEMWM
INC000000251927,Others,CAESARC
INC000000251924,Others,RFHPOON
INC000000251892,Others,CAESARC
INC000000251891,Others,TYLAI
INC000000251888,Others,TYLAI
INC000000251884,Others,TYLAI
INC000000251875,Others,RPYLAI
INC000000251865,Others,CAESARC
INC000000251863,Others,CAESARC
INC000000251862,Others,JWSLAI
INC000000251836,Others,CAESARC
INC000000251694,Others,MCFYIU
INC000000251678,Others,MCFYIU
INC000000251612,Others,JWSLAI
INC000000251601,Others,TYLAI
INC000000251573,Others,RPYLAI
INC000000251564,Others,RPYLAI
INC000000251462,Others,OPERATOR1
INC000000251460,Others,TYLAI
INC000000251425,Others,CAESARC
INC000000251244,Others,TYLAI
INC000000251223,Others,TYLAI
INC000000251218,Others,TYLAI
INC000000251215,Others,MCFYIU
INC000000251214,Others,MCFYIU
INC000000251143,Others,CAESARC
INC000000251127,Others,CAESARC
INC000000251072,Others,TYLAI
INC000000251042,Others,CAESARC
INC000000250991,Others,RPYLAI
INC000000250780,Others,TYLAI
INC000000250779,Others,TYLAI
INC000000250667,Others,CAESARC
INC000000250660,Others,TYLAI
INC000000250654,Others,OPERATOR1
INC000000250628,Others,RPYLAI
INC000000250616,Others,CAESARC
INC000000250597,Others,CAESARC
INC000000250595,Others,CAESARC
INC000000250523,Others,MCFYIU
INC000000250456,Others,RPYLAI
INC000000250453,Others,RPYLAI
INC000000250439,Others,CAESARC
INC000000250429,Others,CAESARC
INC000000250415,Others,CAESARC
INC000000250414,Others,CAESARC
INC000000250406,Others,CAESARC
INC000000250405,Others,CAESARC
INC000000250248,Others,CAESARC
INC000000250241,Others,RPYLAI
INC000000250239,Others,RPYLAI
INC000000250213,Others,CAESARC
INC000000250182,Others,CAESARC
INC000000250181,Others,CAESARC
INC000000250174,Others,CAESARC
INC000000250163,Others,CAESARC
INC000000250160,Others,CAESARC
INC000000250159,Others,CAESARC
INC000000250124,Others,CAESARC
INC000000250103,Others,JWSLAI
INC000000249964,Others,CAESARC
INC000000249850,Others,RPYLAI
INC000000249830,Others,CAESARC
INC000000249795,Others,CAESARC
INC000000249787,Others,JWSLAI
INC000000249758,Others,JWSLAI
INC000000249659,Others,CAESARC
INC000000249613,Others,CAESARC
INC000000249585,Others,CAESARC
INC000000249568,Others,TYLAI
INC000000249565,Others,JWSLAI
INC000000249521,Others,CAESARC
INC000000249507,Others,CAESARC
INC000000249491,VIP,LEEMWM
INC000000249486,Others,CAESARC
INC000000249453,Others,OPERATOR1
INC000000249448,Others,JWSLAI
INC000000249425,Others,CAESARC
INC000000249392,Others,CAESARC
INC000000249390,Others,CAESARC
INC000000249260,Others,TYLAI
INC000000249247,Others,TYLAI
INC000000249240,Others,RPYLAI
INC000000249227,Others,TYLAI
INC000000249039,VIP,TWSTSANG
INC000000249006,Others,CAESARC
INC000000249005,Others,CAESARC
INC000000248993,Others,CAESARC
INC000000248934,Others,CAESARC
INC000000248917,Others,CAESARC
INC000000248759,Others,CAESARC
INC000000248742,Others,CAESARC
INC000000248719,Others,TYLAI
INC000000248718,Others,TYLAI
INC000000248716,Others,TYLAI
INC000000248715,Others,TYLAI
INC000000248594,Others,MCFYIU
INC000000248580,Others,MCFYIU
INC000000248511,Others,TYLAI
INC000000248508,Others,TYLAI
INC000000248507,Others,TYLAI
INC000000248503,Others,TYLAI
INC000000248428,Others,MCFYIU
INC000000248427,Others,MCFYIU
INC000000248415,Others,CAESARC
INC000000248401,Others,CAESARC
INC000000248314,Others,CAESARC
INC000000248313,Others,CAESARC
INC000000248310,Others,CAESARC
INC000000248309,Others,CAESARC
INC000000248243,Others,TYLAI
INC000000248242,Others,TYLAI
INC000000248236,Others,TYLAI
INC000000248219,Others,CAESARC
INC000000248217,Others,CAESARC
INC000000248214,Others,CAESARC
INC000000248206,Others,CAESARC
INC000000248098,Others,TYLAI
INC000000248120,Others,OPERATOR1
INC000000248113,Others,OPERATOR1
INC000000248107,Others,JWSLAI
INC000000247898,Others,TWSTSANG
INC000000247887,Others,CAESARC
INC000000247851,Others,MCFYIU
INC000000247845,Others,MCFYIU
INC000000247843,Others,MCFYIU
INC000000247730,Others,CAESARC
INC000000247713,Others,MCFYIU
INC000000247698,Others,CAESARC
INC000000247656,Others,LEEMWM
INC000000247648,Others,CAESARC
INC000000247490,Others,CAESARC
INC000000247399,Others,MCFYIU
INC000000247388,Others,MCFYIU
INC000000247252,Others,OPERATOR1
INC000000246852,Others,TYLAI
INC000000246842,Others,CAESARC
INC000000246816,Others,FWYEUNG2
INC000000246644,Others,CAESARC
INC000000246642,Others,CAESARC
INC000000246632,Others,OPERATOR
INC000000246564,Others,CAESARC
INC000000246536,Others,CAESARC
INC000000246488,Others,RPYLAI
INC000000246440,Others,CAESARC
INC000000246432,Others,CAESARC
INC000000246407,Others,TYLAI
INC000000246707,Others,JWSLAI
INC000000246702,Others,JWSLAI
INC000000246371,Others,CAESARC
INC000000246369,Others,CAESARC
INC000000246365,Others,CAESARC
INC000000246357,Others,CAESARC
INC000000246274,Others,CAESARC
INC000000246235,Others,CAESARC
INC000000246234,Others,CAESARC
INC000000246208,Others,CAESARC
INC000000246205,Others,TOMTAM
INC000000246162,Others,RPYLAI
INC000000246145,Others,FWYEUNG2
INC000000245937,Others,FWYEUNG2
INC000000245934,VVIP,TOMTAM
INC000000245838,Others,FWYEUNG2
INC000000245683,Others,FWYEUNG2
INC000000245587,Others,RPYLAI
INC000000245585,Others,RPYLAI
INC000000245537,Others,FWYEUNG2
INC000000245500,Others,FWYEUNG2
INC000000245437,Others,MCFYIU
INC000000245394,Others,TYLAI
INC000000245388,Others,TYLAI
INC000000245387,Others,TYLAI
INC000000245385,Others,RPYLAI
INC000000245264,Others,MCFYIU
INC000000245203,Others,FWYEUNG2
INC000000245139,Others,CAESARC
INC000000245138,Others,CAESARC
INC000000245126,Others,TYLAI
INC000000245121,Others,TYLAI
INC000000245101,Others,TYLAI
INC000000245096,Others,TYLAI
INC000000245095,Others,TYLAI
INC000000245090,Others,TYLAI
INC000000245080,Others,FWYEUNG2
INC000000245074,Others,FWYEUNG2
INC000000245059,Others,FWYEUNG2
INC000000245058,Others,FWYEUNG2
INC000000245050,Others,TYLAI
INC000000245049,Others,TYLAI
INC000000245044,Others,TYLAI
INC000000245028,Others,TYLAI
INC000000245027,Others,TYLAI
INC000000245018,Others,TYLAI
INC000000245017,Others,TYLAI
INC000000245016,Others,TYLAI
INC000000245015,Others,TYLAI
INC000000245013,Others,TYLAI
INC000000245012,Others,TYLAI
INC000000245011,Others,TYLAI
INC000000244925,Others,CAESARC
INC000000244786,Others,OPERATOR1
INC000000244663,Others,JWSLAI
INC000000244768,Others,Remedy Application Service
INC000000244438,Others,TYLAI
INC000000244425,VVIP,RPYLAI
INC000000244170,Others,CAESARC
INC000000244159,Others,CAESARC
INC000000244134,VIP,RPYLAI
INC000000244114,Others,MCFYIU
INC000000244111,Others,FWYEUNG2
INC000000244107,Others,FWYEUNG2
INC000000244053,Others,TYLAI
INC000000244052,Others,TYLAI
INC000000244014,Others,RPYLAI
INC000000243981,Others,RPYLAI
INC000000243892,Others,CAESARC
INC000000243891,Others,TOMTAM
INC000000243792,Others,TOMTAM
INC000000243763,VVIP,RPYLAI
INC000000243755,Others,FWYEUNG2
INC000000243752,VVIP,Remedy Application Service
INC000000243688,Others,CAESARC
INC000000243683,Others,CAESARC
INC000000243604,Others,FWYEUNG2
INC000000243476,Others,RPYLAI
INC000000243593,Others,FWYEUNG2
INC000000243592,Others,FWYEUNG2
INC000000243577,Others,FWYEUNG2
INC000000242924,Others,FWYEUNG2
INC000000242922,Others,CATGOO
INC000000242827,Others,CAESARC
INC000000242754,Others,OPERATOR1
INC000000242736,Others,OPERATOR1
INC000000242703,Others,FWYEUNG2
INC000000242500,Others,CAESARC
INC000000242416,Others,OPERATOR1
INC000000242406,Others,FWYEUNG2
INC000000242195,Others,FWYEUNG2
INC000000242095,Others,CAESARC
INC000000241858,Others,RPYLAI
INC000000241850,Others,RPYLAI
INC000000241815,Others,CATGOO
INC000000241814,Others,CATGOO
INC000000241812,Others,CATGOO
INC000000242201,Others,OPERATOR1
INC000000241189,Others,OPERATOR1
INC000000241500,Others,MCFYIU
INC000000241494,Others,OPERATOR1
INC000000241477,Others,CATGOO
INC000000241436,Others,FWYEUNG2
INC000000241297,Others,FWYEUNG2
INC000000240944,Others,RPYLAI
INC000000240889,Others,TYLAI
INC000000240856,VIP,FWYEUNG2
INC000000240794,Others,FWYEUNG2
INC000000240690,Others,TYLAI
INC000000240645,Others,FWYEUNG2
INC000000240590,Others,OPERATOR1
INC000000240410,Others,FWYEUNG2
INC000000240381,Others,TYLAI
INC000000240076,Others,FWYEUNG2
INC000000240032,Others,CAESARC
INC000000240001,Others,FWYEUNG2
INC000000239395,Others,OPERATOR1
INC000000239390,Others,OPERATOR1
INC000000239734,Others,CAESARC
INC000000239714,Others,TYLAI
INC000000239566,Others,FWYEUNG2
INC000000239491,Others,FWYEUNG2
INC000000239445,Others,FWYEUNG2
INC000000239148,Others,TYLAI
INC000000239323,Others,OPERATOR1
INC000000238913,Others,TYLAI
INC000000238908,Others,TYLAI
INC000000238598,Others,FWYEUNG2
INC000000238486,Others,FWYEUNG2
INC000000238702,Others,OPERATOR1
INC000000237786,Others,OPERATOR1
INC000000238408,Others,MCFYIU
INC000000238336,Others,OPERATOR1
INC000000238328,Others,TYLAI
INC000000238224,Others,OPERATOR1
INC000000238210,Others,FWYEUNG2
INC000000238072,Others,FWYEUNG2
INC000000237617,Others,KACHILAI
INC000000237525,Others,FWYEUNG2
INC000000237768,Others,OPERATOR1
INC000000237465,Others,CAESARC
INC000000237348,Others,FWYEUNG2
INC000000237314,Others,FWYEUNG2
INC000000237159,Others,OPERATOR1
INC000000237149,Others,DAVIDCWK
INC000000237041,Others,CAESARC
INC000000236632,Others,RICHARDM
INC000000236364,Others,TYLAI
INC000000236079,Others,FWYEUNG2
INC000000235993,Others,MCFYIU
INC000000235881,Others,FWYEUNG2
INC000000235873,Others,FWYEUNG2
INC000000235827,Others,OPERATOR1
INC000000235795,Others,FWYEUNG2
INC000000235785,Others,FWYEUNG2
INC000000235755,Others,OPERATOR1
INC000000235671,Others,FWYEUNG2
INC000000235606,Others,FWYEUNG2
INC000000235596,Others,FWYEUNG2
INC000000235591,Others,FWYEUNG2
INC000000235589,Others,FWYEUNG2
INC000000235393,Others,MCFYIU
INC000000235386,Others,MCFYIU
INC000000235380,Others,FWYEUNG2
INC000000235373,Others,FWYEUNG2
INC000000235239,Others,CAESARC
INC000000235045,Others,IT-HELPDESK
INC000000234827,Others,TYLAI
INC000000234814,Others,KACHILAI
INC000000234796,Others,MCFYIU
INC000000234265,Others,CAESARC
INC000000234263,VIP,MCFYIU
INC000000234544,Others,JWSLAI
INC000000234542,Others,FWYEUNG2
INC000000234530,Others,TYLAI
INC000000234459,Others,RPYLAI
INC000000234411,Others,CAESARC
INC000000234312,Others,FWYEUNG2
INC000000234258,Others,MCFYIU
INC000000234206,Others,OPERATOR1
INC000000233994,Others,CAESARC
INC000000233863,Others,FWYEUNG2
INC000000233830,Others,FWYEUNG2
INC000000233742,Others,FWYEUNG2
INC000000233670,Others,FWYEUNG2
INC000000233344,Others,OPERATOR1
INC000000233329,Others,MCFYIU
INC000000233031,Others,CAESARC
INC000000233009,Others,MCFYIU
INC000000232810,Others,RPYLAI
INC000000232373,Others,TYLAI
INC000000232372,Others,TYLAI
INC000000232328,Others,MCFYIU
INC000000232323,Others,MCFYIU
INC000000232290,Others,RPYLAI
INC000000232250,Others,RPYLAI
INC000000232232,Others,FWYEUNG2
INC000000232036,Others,FWYEUNG2
INC000000232086,Others,RAYLAM
INC000000231980,Others,FWYEUNG2
INC000000231963,Others,FWYEUNG2
INC000000231899,Others,FWYEUNG2
INC000000231886,Others,FWYEUNG2
INC000000231877,Others,FWYEUNG2
INC000000231858,Others,OPERATOR1
INC000000231857,Others,OPERATOR1
INC000000231788,Others,RPYLAI
INC000000231587,Others,MCFYIU
INC000000231569,Others,KACHILAI
INC000000231568,Others,TOMTAM
INC000000231563,VIP,FWYEUNG2
INC000000231414,VIP,FWYEUNG2
INC000000231372,Others,MCFYIU
INC000000231228,Others,CAESARC
INC000000231216,Others,TYLAI
INC000000231195,Others,FWYEUNG2
INC000000231125,VIP,FWYEUNG2
INC000000231109,Others,RPYLAI
INC000000231053,VVIP,AA50038
INC000000230899,Others,RPYLAI
INC000000230893,Others,N052210
INC000000230540,Others,TYLAI
INC000000230189,Others,KKFTSUI
INC000000230182,Others,FWYEUNG2
INC000000230121,Others,KKFTSUI
INC000000229897,Others,JWSLAI
INC000000229895,Others,JWSLAI
INC000000229943,Others,FWYEUNG2
INC000000229939,Others,FWYEUNG2
INC000000229918,Others,KKFTSUI
INC000000229882,Others,FWYEUNG2
INC000000229859,Others,MCFYIU
INC000000229856,Others,KKFTSUI
INC000000229855,Others,KKFTSUI
INC000000229844,Others,FWYEUNG2
INC000000229833,Others,CAESARC
INC000000229713,Others,FWYEUNG2
INC000000229663,Others,FWYEUNG2
INC000000229651,Others,FWYEUNG2
INC000000229618,VIP,FWYEUNG2
INC000000229512,Others,FWYEUNG2
INC000000229473,Others,FWYEUNG2
INC000000229460,Others,CAESARC
INC000000229435,Others,FWYEUNG2
INC000000229368,Others,CAESARC
INC000000229360,Others,CATGOO
INC000000229345,Others,CATGOO
INC000000229255,Others,OPERATOR1
INC000000229231,Others,OPERATOR1
INC000000229011,Others,FWYEUNG2
INC000000228980,Others,CAESARC
INC000000228936,Others,FWYEUNG2
INC000000228729,Others,JWSLAI
INC000000228398,Others,MCFYIU
INC000000228312,Others,MCFYIU
INC000000228307,Others,MCFYIU
INC000000228282,Others,KACHILAI
INC000000228273,Others,TYLAI
INC000000228245,Others,MCFYIU
INC000000228147,Others,JWSLAI
INC000000228201,Others,FWYEUNG2
INC000000228077,Others,FWYEUNG2
INC000000228021,Others,FWYEUNG2
INC000000228015,Others,FWYEUNG2
INC000000227989,Others,MCFYIU
INC000000227988,Others,MCFYIU
INC000000227987,Others,MCFYIU
INC000000227965,Others,FWYEUNG2
INC000000227952,Others,FWYEUNG2
INC000000227949,Others,FWYEUNG2
INC000000227899,Others,FWYEUNG2
INC000000227798,Others,MCFYIU
INC000000227793,Others,MCFYIU
INC000000227676,Others,CAESARC
INC000000227674,Others,CAESARC
INC000000227670,Others,OPERATOR1
INC000000227654,Others,FWYEUNG2
INC000000227637,Others,FWYEUNG2
INC000000227626,Others,FWYEUNG2
INC000000227624,Others,FWYEUNG2
INC000000227601,VIP,KACHILAI
INC000000227477,Others,MCFYIU
INC000000227452,VIP,CATGOO
INC000000227393,Others,JWSLAI
INC000000227320,Others,OPERATOR1
INC000000227246,Others,OPERATOR1
INC000000226973,Others,OPERATOR1
INC000000226965,Others,CAESARC
INC000000226500,Others,FWYEUNG2
INC000000226425,Others,MCFYIU
INC000000226358,Others,CAESARC
INC000000226302,Others,TYLAI
INC000000226274,Others,TYLAI
INC000000226244,Others,FWYEUNG2
INC000000226232,Others,FWYEUNG2
INC000000226230,Others,FWYEUNG2
INC000000226108,Others,FWYEUNG2
INC000000226048,Others,FWYEUNG2
INC000000225985,Others,FWYEUNG2
INC000000225964,Others,FWYEUNG2
INC000000225950,Others,FWYEUNG2
INC000000225924,Others,FWYEUNG2
INC000000225798,Others,FWYEUNG2
INC000000225880,Others,OPERATOR1
INC000000225814,Others,OPERATOR1
INC000000225808,,OPERATOR1
INC000000225807,,OPERATOR1
INC000000225778,Others,FWYEUNG2
INC000000225734,Others,FWYEUNG2
INC000000225713,Others,TYLAI
INC000000225712,Others,TYLAI
INC000000225630,Others,CATGOO
INC000000225625,Others,FWYEUNG2
INC000000225624,,CAESARC
INC000000225619,Others,FWYEUNG2
INC000000225581,Others,RPYLAI
INC000000225559,Others,FWYEUNG2
INC000000225547,Others,KKFTSUI
INC000000225499,Others,FWYEUNG2
INC000000225423,Others,FWYEUNG2
INC000000225394,Others,RPYLAI
INC000000225321,Others,FWYEUNG2
INC000000225256,Others,RPYLAI
INC000000225255,Others,RPYLAI
INC000000225185,Others,KKFTSUI
INC000000225147,Others,MCFYIU
INC000000225113,Others,FWYEUNG2
INC000000225098,Others,FWYEUNG2
INC000000225019,Others,FWYEUNG2
INC000000224977,Others,KKFTSUI
INC000000224941,Others,KKFTSUI
INC000000224877,Others,KKFTSUI
INC000000224736,Others,FWYEUNG2
INC000000224735,Others,FWYEUNG2
INC000000224725,Others,FWYEUNG2
INC000000224640,Others,JWSLAI
INC000000224410,VIP,CAESARC
INC000000224273,Others,CATGOO
INC000000224221,Others,FWYEUNG2
INC000000223834,Others,JWSLAI
INC000000223728,Others,KKFTSUI
INC000000223523,Others,OPERATOR1
INC000000223233,Others,FWYEUNG2
INC000000222774,Others,FWYEUNG2
INC000000222760,Others,FWYEUNG2
INC000000222598,Others,FWYEUNG2
INC000000222534,Others,OPERATOR1
INC000000222501,Others,CAESARC
INC000000222363,Others,TYLAI
INC000000222354,Others,OPERATOR1
INC000000222332,Others,CAESARC
INC000000222301,Others,KKFTSUI
INC000000222293,Others,OPERATOR1
INC000000222106,Others,JWSLAI
INC000000222105,Others,OPERATOR1
INC000000221620,Others,OPERATOR1
INC000000221503,Others,TYLAI
INC000000221385,Others,OPERATOR1
INC000000221379,Others,TYLAI
INC000000221281,Others,TYLAI
INC000000221221,Others,TYLAI
INC000000221220,Others,TYLAI
INC000000221219,Others,TYLAI
INC000000221218,Others,TYLAI
INC000000221217,Others,TYLAI
INC000000221216,Others,TYLAI
INC000000221215,Others,TYLAI
INC000000221214,Others,TYLAI
INC000000221213,Others,TYLAI
INC000000221212,Others,TYLAI
INC000000221211,Others,TYLAI
INC000000221210,Others,TYLAI
INC000000221209,Others,TYLAI
INC000000221208,Others,TYLAI
INC000000221207,Others,TYLAI
INC000000221206,Others,TYLAI
INC000000221205,Others,TYLAI
INC000000221204,Others,TYLAI
INC000000221202,Others,TYLAI
INC000000221196,Others,RICHARDM
INC000000221127,Others,OPERATOR1
INC000000220908,Others,FWYEUNG2
INC000000221052,Others,OPERATOR1
INC000000220823,Others,OPERATOR1
INC000000220804,Others,FWYEUNG2
INC000000220762,Others,FWYEUNG2
INC000000220759,Others,FWYEUNG2
INC000000220720,VVIP,TYLAI
INC000000220656,Others,TYLAI
INC000000220639,Others,FWYEUNG2
INC000000220467,Others,TYLAI
INC000000219993,Others,OPERATOR1
INC000000219378,Others,OPERATOR1
INC000000219836,Others,FWYEUNG2
INC000000219708,Others,CAESARC
INC000000219697,Others,TYLAI
INC000000219539,Others,FWYEUNG2
INC000000219522,Others,KACHILAI
INC000000219490,VIP,KACHILAI
INC000000219486,Others,FWYEUNG2
INC000000219451,Others,FWYEUNG2
INC000000219444,Others,RICHARDM
INC000000218887,Others,CAESARC
INC000000218841,Others,FWYEUNG2
INC000000218636,Others,JWSLAI
INC000000218550,Others,FWYEUNG2
INC000000218326,Others,OPERATOR1
INC000000217990,Others,FWYEUNG2
INC000000217642,Others,FWYEUNG2
INC000000216230,Others,FWYEUNG2
INC000000215319,Others,FWYEUNG2
INC000000215106,Others,JWSLAI
INC000000215105,VIP,FWYEUNG2
